taste,color,cream_id
California sycamore,Salmon,1
Vervain,Maroon,2
Madagascar Dragon Tree,Brown,3
Kentia Palm Plant,Ruby,4
Dogwood,Aqua,5
Carrot,Cerise,6
Millet,Olive,7
Goldenglow,Beige,8
Kauila,Yellow,9
Birch,Pink,10
Hedge plant,Dark Red,11
Goldenglow,Lime,12
Collard,Pink,13
Ginseng,Rosegold,14
Cherry,Turquoise,15
Soapwort,Capri,16
Urn Plant,coral,17
Manzanita,Champagne,18
Millet,Gold,19
Dindle,Mauve,20
Baobab,Rosewood,21
Cabbage,Mauve,22
Buttercup,White,23
Calla Lily,Mauve,24
Periwinkle,Gray,25
Bleeding Heart,Turquoise,26
Kudzu,Azure,27
Groundberry,Turquoise,28
Snowflake,Magenta,29
Ironwood,Brown,30
Filipendula,Mauve,31
Bramble,Magenta,32
Buttercup,coral,33
Candytuft,Aqua,34
Hedge plant,Sepia,35
Goldenglow,Brown,36
Ambrosia,Yellow,37
Primrose,Ruby,38
Columbine,Lime,39
Chamomile,Rosewood,40
Veronica,White,41
Tulip,Emerald,42
Apple,Lime,43
Collard,Amethyst,44
Cotton plant,White,45
Bearberry,Camel,46
Poppy,Green,47
Nightshade Family,Lavender,48
Urn Plant,Red,49
Narcissus,Mauve,50
Morning Glory,Ultramarine,51
Bellflower,Magenta,52
Kentia Palm Plant,Yellow,53
Kauila,Auburn,54
Pansy,Fuchsia,55
Catmint,Cerise,56
Buttercup,Lavender,57
Arrowwood,Pink,58
Fig,Peach,59
Aspen,Dark Red,60
Collard,Aqua,61
Dindle,coral,62
Hedge plant,Capri,63
Clarkia,Ultramarine,64
Gillyflower,Gold,65
Nightshade Family,White,66
Baobab,Apricot,67
Chamomile,Dark red,68
Columbine,Sepia,69
Clarkia,Black,70
Carrot,Fuchsia,71
Goldenglow,Champagne,72
Silene,Blue,73
Bindweed,Auburn,74
Ginseng,Brown,75
Coneflower,Magenta,76
California sycamore,Mauve,77
Rosemary,Mauve,78
Bearberry,Red,79
Fellenwort,Cyan,80
Lucky Bamboo,Apricot,81
Veronica,coral,82
Mangrove tree,Dark red,83
Apple,Olive,84
Agapanthus,Sienna,85
Chamomile,Rosegold,86
Pansy,Ultramarine,87
Manzanita,Auburn,88
Easter orchid,Auburn,89
Eucalyptus,Rosegold,90
Gillyflower,Turquoise,91
Fennel,Ruby,92
Collard,coral,93
Mesquite,Blue,94
Cactus,Apricot,95
Nightshade Family,Amethyst,96
Madagascar Dragon Tree,Purple,97
Elephant Ear,Emerald,98
Red Hot Poker Plant,Gray,99
Columbine,Cerise,100
Poppy,Barbie Pink,101
Kudzu,Peach,102
Bearberry,Carmine,103
Bilberry,Auburn,104
Red Hot Poker Plant,Black,105
Cucumber,Camel,106
Veronica,Rust,107
Calla Lily,Rust,108
Collard,Aqua,109
Bellflower,Salmon,110
Dogwood,Purple,111
Eucalyptus,Cadet blue,112
Pansy,Auburn,113
Cup Flower,Sienna,114
California sycamore,Black,115
Mesquite,Olive,116
Bleeding Heart,Camel,117
Bearberry,Beige,118
Alstroemeria,Rosegold,119
Madagascar Dragon Tree,Amethyst,120
Dumb Cane,Yellow,121
Drumstick,Turquoise,122
Goldenglow,Carmine,123
Bindweed,Sienna,124
Bearberry,Salmon,125
Bearberry,Beige,126
Apricot,Green,127
African Violet,Rosewood,128
Butterfly weed,Orange,129
Clarkia,Yellow,130
Mugwort,Rosewood,131
Morning Glory,Olive,132
Symphytum,Lavender,133
Primrose,Fuchsia,134
Japanese Iris,Orange,135
Chestnut,Cyan,136
Columbine,Turquoise,137
Rose,Azure,138
Mugwort,Pink,139
Poppy,Beige,140
Cucumber,Maroon,141
Fellenwort,Capri,142
Banyan,Sepia,143
Symphytum,Apricot,144
Filipendula,Green,145
Dindle,Orange,146
Dogwood,Carmine,147
Columbine,Mauve,148
Red Hot Poker Plant,Cadet blue,149
Cup Flower,Silver,150
Water Lily,Gold,151
Agapanthus,Capri,152
Nemesia,Gold,153
Primrose,Fuchsia,154
Lucky Bamboo,Pink,155
Fellenwort,Green,156
Nightshade Family,Yellow,157
Gillyflower,Maroon,158
Bindweed,Emerald,159
Shasta Daisy,Rust,160
Birch,Capri,161
Chamomile,Ruby,162
Soapwort,Carmine,163
Apple,Olive,164
Cornflower,Sky blue,165
Arrowwood,Ultramarine,166
Millet,Cyan,167
Fennel,Capri,168
Drumstick,Ultramarine,169
Narcissus,Yellow,170
Bellflower,Sky blue,171
Bramble,White,172
Gillyflower,Cyan,173
Dogwood,Barbie Pink,174
Goldenrod,Gold,175
Shasta Daisy,Magenta,176
Ginseng,Rosegold,177
Buttercup,Sepia,178
Chamomile,Carmine,179
Filipendula,Mauve,180
Dindle,Orange,181
Fennel,Aquamarine,182
Hedge plant,Capri,183
Thistle,Aqua,184
Apricot,Lavender,185
Agapanthus,Cadet blue,186
Chinese Evergreen,Rosewood,187
Nightshade Family,Azure,188
Carrot,Olive,189
Dumb Cane,Olive,190
Poppy,Cerise,191
Rose,Amethyst,192
Dindle,Emerald,193
Grapefruit,Barbie Pink,194
Bellflower,Silver,195
Pansy,Aqua,196
Alstroemeria,Rosegold,197
Guaco,coral,198
Groundberry,Silver,199
Kentia Palm Plant,Lavender,200
Apricot,Brown,201
Easter orchid,Brown,202
Bindweed,Gold,203
Mesquite,Pink,204
Symphytum,Azure,205
Birch,White,206
Silene,Purple,207
Bearberry,Silver,208
Thistle,Rosewood,209
Lily,Lime,210
Mesquite,Brown,211
Tulip,Pink,212
Daisy,Camel,213
Red Hot Poker Plant,Orange,214
Bearberry,Magenta,215
Ginseng,Gray,216
African Violet,Gold,217
Banyan,Peach,218
Mesquite,Cerise,219
Chinese Evergreen,Olive,220
Bellflower,Gold,221
Japanese Iris,Sky blue,222
Snowdrop,Sky blue,223
Bluebonnet,White,224
Lily,Capri,225
Candytuft,Lime,226
Lucky Bamboo,Purple,227
Candytuft,Turquoise,228
Filipendula,Amethyst,229
Columbine,Dark Red,230
Symphytum,Capri,231
Fig,Beige,232
Columbine,Barbie Pink,233
Drumstick,Apricot,234
Buttercup,Lime,235
Tulip,Capri,236
Drumstick,Orange,237
Mangrove tree,Peach,238
Collard,Auburn,239
Gillyflower,Lime,240
Agapanthus,Cadet blue,241
Cornflower,Rosewood,242
Nemesia,Sepia,243
Cabbage,Cerise,244
Dumb Cane,Emerald,245
Goldenglow,Pink,246
Ironwood,Orange,247
Silene,Sienna,248
Calla Lily,Black,249
Soapwort,Aquamarine,250
Chamomile,Cerise,251
Elephant Ear,Salmon,252
Nightshade Family,Turquoise,253
Chamomile,Dark red,254
Lucky Bamboo,Sky blue,255
Goldenglow,Camel,256
Manzanita,Rosewood,257
Filipendula,Aqua,258
Japanese Iris,Rosewood,259
Primrose,Peach,260
Carrot,Gray,261
Guaco,Barbie Pink,262
Daisy,Rosewood,263
Clarkia,Silver,264
Rosemary,Sky blue,265
California sycamore,Capri,266
Columbine,Salmon,267
Snowdrop,Gold,268
Japanese Iris,Dark red,269
Poppy,Dark red,270
Chestnut,Peach,271
Tulip,Green,272
Agapanthus,coral,273
Goldenglow,Lavender,274
Millet,Aqua,275
Lily,Fuchsia,276
Snowdrop,Sepia,277
Bilberry,Green,278
Thistle,Green,279
Silene,Gray,280
Japanese Iris,Sienna,281
Collard,Emerald,282
Kudzu,Camel,283
Carrot,Lavender,284
Clarkia,Cyan,285
Bee Balm Flower,Emerald,286
Nightshade Family,Carmine,287
Candytuft,Purple,288
Millet,Ultramarine,289
Gillyflower,Sepia,290
Columbine,Amethyst,291
Narcissus,Yellow,292
Cup Flower,Rust,293
Silene,Orange,294
Bluebonnet,Rust,295
Soapwort,Barbie Pink,296
Bindweed,Carmine,297
Ironwood,Azure,298
Cherry,Gray,299
Bearberry,Aqua,300
Mistletoe,Silver,301
Fig,Apricot,302
Elephant Ear,Sky blue,303
California sycamore,Aqua,304
Huckleberry,Sky blue,305
California sycamore,Auburn,306
Cup Flower,Aquamarine,307
Dogwood,Dark Red,308
Soapwort,Mauve,309
California sycamore,Barbie Pink,310
Birch,Sepia,311
Alstroemeria,Silver,312
Vervain,Fuchsia,313
Dogwood,Yellow,314
Kauila,Cadet blue,315
Ironwood,Gold,316
Chestnut,Auburn,317
Cornflower,Auburn,318
Baobab,Yellow,319
Mesquite,Fuchsia,320
Lily,Aqua,321
Shasta Daisy,Maroon,322
Lily,Silver,323
Drumstick,Carmine,324
Huckleberry,Rust,325
Periwinkle,White,326
Rosemary,Barbie Pink,327
Cherry,Olive,328
Mugwort,Salmon,329
Snowdrop,Sienna,330
Soapwort,Gray,331
Alstroemeria,Amethyst,332
Lucky Bamboo,Rosewood,333
Cherry,Ruby,334
Apple,Lavender,335
Ironwood,Ruby,336
Arrowwood,Rust,337
Bee Balm Flower,Champagne,338
Cup Flower,Pink,339
Lucky Bamboo,Carmine,340
Urn Plant,Lime,341
Mangrove tree,Olive,342
Pansy,Brown,343
Banyan,Amethyst,344
Goldenglow,Emerald,345
Baobab,Sepia,346
Cotton plant,Emerald,347
Calla Lily,Ultramarine,348
Kauila,Sky blue,349
Drumstick,Dark red,350
Kudzu,Aquamarine,351
Columbine,Rosegold,352
Eucalyptus,Cadet blue,353
Indian paintbrush,Carmine,354
Dumb Cane,Champagne,355
Daisy,coral,356
Periwinkle,Aqua,357
Ironwood,Turquoise,358
Lucky Bamboo,Champagne,359
Goldenglow,Cyan,360
Banyan,Auburn,361
Chestnut,Mauve,362
Cornflower,Ruby,363
Apricot,Gold,364
Cotton plant,Sepia,365
Lucky Bamboo,Beige,366
Thistle,Orange,367
Bilberry,Sienna,368
Cotton plant,Azure,369
Bilberry,Magenta,370
Ironwood,Green,371
Millet,Auburn,372
Apple,Gold,373
Catmint,Amethyst,374
Morning Glory,Cyan,375
Red Hot Poker Plant,Beige,376
Water Lily,Red,377
Calla Lily,Beige,378
Agapanthus,Azure,379
Bramble,coral,380
Tulip,Dark red,381
Guaco,Black,382
Bindweed,Orange,383
Bindweed,Pink,384
Bearberry,Black,385
Mistletoe,Purple,386
Calla Lily,Olive,387
Cactus,Carmine,388
Water Lily,Champagne,389
Millet,Amethyst,390
Indian paintbrush,Lime,391
Grapefruit,Magenta,392
Cotton plant,Peach,393
Soapwort,Sky blue,394
Agapanthus,Cadet blue,395
Vervain,Cadet blue,396
Cotton plant,Fuchsia,397
Snowdrop,Auburn,398
Coneflower,Black,399
Cucumber,Brown,400
Lily,Orange,401
Bleeding Heart,Lime,402
Mistletoe,Carmine,403
Grapefruit,Green,404
Soapwort,Brown,405
Fennel,Lavender,406
Symphytum,Camel,407
Lucky Bamboo,Auburn,408
Hedge plant,Purple,409
Bearberry,Amethyst,410
Alstroemeria,Cyan,411
Cucumber,Pink,412
Hedge plant,Brown,413
Apple,Rosewood,414
Narcissus,Rosegold,415
Snowdrop,Gray,416
Millet,White,417
Ironwood,Rosewood,418
Candytuft,Turquoise,419
Nightshade Family,Capri,420
Buttercup,Cerise,421
Dogwood,Brown,422
Kudzu,Purple,423
Bluebonnet,Sepia,424
Columbine,White,425
Mesquite,Brown,426
Cotton plant,White,427
Ironwood,Beige,428
Nightshade Family,Ruby,429
Ironwood,coral,430
Columbine,White,431
Veronica,Peach,432
Kudzu,Rust,433
Soapwort,Cyan,434
Catmint,Dark red,435
Poppy,Rust,436
Birch,Azure,437
African Violet,Peach,438
Vervain,Ultramarine,439
Aspen,Azure,440
Cucumber,coral,441
Japanese Iris,Yellow,442
Lily,Black,443
Vervain,Cyan,444
Dumb Cane,Sky blue,445
Poppy,Ruby,446
Mugwort,Magenta,447
Guaco,Auburn,448
Fig,Sepia,449
Snowdrop,Barbie Pink,450
Dogwood,Rust,451
Goldenrod,Pink,452
Alstroemeria,Ruby,453
Vervain,Apricot,454
African Violet,coral,455
Bellflower,Cyan,456
Dindle,Salmon,457
Goldenrod,Capri,458
Buttercup,Fuchsia,459
Rosemary,Emerald,460
Bindweed,Olive,461
Lucky Bamboo,Mauve,462
Manzanita,Sienna,463
African Violet,Pink,464
Mugwort,Apricot,465
Bindweed,Cadet blue,466
Columbine,White,467
Rosemary,Red,468
Cucumber,Ultramarine,469
Bramble,Carmine,470
Hedge plant,Rosegold,471
Birch,Cadet blue,472
Bee Balm Flower,Peach,473
Goldenglow,Rosewood,474
Japanese Iris,Silver,475
Alstroemeria,Aquamarine,476
Filipendula,Barbie Pink,477
Daisy,Blue,478
Gillyflower,Sky blue,479
Goldenglow,Carmine,480
Millet,Ultramarine,481
Bluebonnet,Auburn,482
Thistle,Orange,483
Daisy,Rust,484
Ginseng,Pink,485
Periwinkle,Carmine,486
Narcissus,Rust,487
Goldenrod,Camel,488
Dumb Cane,Apricot,489
Bleeding Heart,Champagne,490
California sycamore,Silver,491
Morning Glory,Amethyst,492
Arrowwood,Turquoise,493
Bee Balm Flower,Yellow,494
Tulip,Sepia,495
Dindle,Apricot,496
Urn Plant,Maroon,497
Bearberry,Yellow,498
Columbine,Brown,499
Cotton plant,Lime,500
Thistle,Apricot,501
Mangrove tree,Ultramarine,502
Mesquite,Red,503
Carrot,Mauve,504
Bilberry,Black,505
Cherry,Maroon,506
Candytuft,Auburn,507
Cherry,Cadet blue,508
Cornflower,Lavender,509
Cotton plant,Champagne,510
Rose,Red,511
Guaco,Lime,512
Urn Plant,Ruby,513
Bilberry,Turquoise,514
Japanese Iris,Emerald,515
Cucumber,Fuchsia,516
California sycamore,Blue,517
Columbine,Maroon,518
Water Lily,Olive,519
Mangrove tree,Ruby,520
Daisy,Silver,521
Bilberry,Silver,522
Rose,Ultramarine,523
Cabbage,Beige,524
Nemesia,Ultramarine,525
Kudzu,Capri,526
Periwinkle,Fuchsia,527
Cornflower,Sky blue,528
Lily,Red,529
Goldenglow,Rust,530
Fennel,Mauve,531
Butterfly weed,Cyan,532
Apricot,Lavender,533
Alstroemeria,Maroon,534
Chinese Evergreen,Brown,535
Chamomile,Aquamarine,536
Narcissus,Ruby,537
Cactus,Lavender,538
Fennel,Capri,539
Apple,Sky blue,540
Columbine,Cadet blue,541
Calla Lily,Pink,542
Kudzu,Gold,543
Bindweed,Rust,544
Cucumber,Rosewood,545
Eucalyptus,Camel,546
Catmint,Fuchsia,547
Hedge plant,Green,548
Bramble,Emerald,549
Morning Glory,Silver,550
Filipendula,White,551
Lucky Bamboo,Beige,552
Dogwood,Sienna,553
Snowflake,Apricot,554
Guaco,Rust,555
Columbine,White,556
Lily,Dark red,557
Bluebonnet,Sienna,558
Symphytum,Green,559
Chamomile,Apricot,560
Urn Plant,Sky blue,561
Daisy,Rosegold,562
Mesquite,Cerise,563
Arrowwood,coral,564
Soapwort,Silver,565
California sycamore,Lavender,566
Fellenwort,Carmine,567
Clarkia,Green,568
Narcissus,Orange,569
Cherry,Aquamarine,570
Filipendula,Ultramarine,571
Ginseng,Orange,572
Goldenglow,Olive,573
Clarkia,White,574
Arrowwood,Olive,575
Gillyflower,Aqua,576
Nightshade Family,Lavender,577
Ginseng,Aqua,578
Tulip,Maroon,579
Elephant Ear,Emerald,580
Water Lily,coral,581
Bellflower,coral,582
Lily,Capri,583
Carrot,Ruby,584
Morning Glory,Cadet blue,585
Fennel,Lavender,586
Arrowwood,Rust,587
California sycamore,Sky blue,588
Japanese Iris,Beige,589
Eucalyptus,Yellow,590
Indian paintbrush,Apricot,591
Aspen,Brown,592
Cornflower,Olive,593
Cornflower,Orange,594
Thistle,Ruby,595
Rosemary,Turquoise,596
Nemesia,Gray,597
Japanese Iris,Turquoise,598
Goldenrod,Barbie Pink,599
Cornflower,Camel,600
Dogwood,Aqua,601
Filipendula,Sky blue,602
Dumb Cane,Capri,603
Dumb Cane,Red,604
Kentia Palm Plant,Auburn,605
Bee Balm Flower,Cerise,606
Dumb Cane,Maroon,607
Nemesia,Champagne,608
Poppy,Sepia,609
Elephant Ear,Red,610
Japanese Iris,Sepia,611
Snowflake,Silver,612
Alstroemeria,Lime,613
Rose,Turquoise,614
Bearberry,Dark Red,615
Cornflower,Salmon,616
Collard,Cerise,617
Madagascar Dragon Tree,Cerise,618
Thistle,Dark red,619
Dumb Cane,Auburn,620
Grapefruit,Fuchsia,621
Kudzu,Ultramarine,622
Primrose,Dark Red,623
Shasta Daisy,Gold,624
Chinese Evergreen,Sky blue,625
Huckleberry,Gold,626
Symphytum,Fuchsia,627
Bearberry,Peach,628
Dogwood,Lime,629
Baobab,Salmon,630
Arrowwood,Ruby,631
Mugwort,Ruby,632
Guaco,Aquamarine,633
Bearberry,Magenta,634
Apricot,Lime,635
Groundberry,Sienna,636
Kudzu,Cadet blue,637
Bilberry,Sienna,638
Agapanthus,Purple,639
Red Hot Poker Plant,Olive,640
Alstroemeria,Sepia,641
Vervain,Silver,642
Banyan,Amethyst,643
Dogwood,Olive,644
Easter orchid,Aqua,645
Elephant Ear,Orange,646
Bearberry,Lime,647
Easter orchid,Yellow,648
Catmint,Purple,649
Cup Flower,White,650
Red Hot Poker Plant,Apricot,651
Narcissus,Blue,652
Grapefruit,Mauve,653
Veronica,Aqua,654
Mistletoe,Emerald,655
Hedge plant,Rosewood,656
Butterfly weed,Cerise,657
Bleeding Heart,Lavender,658
Fellenwort,Amethyst,659
Daisy,Yellow,660
Candytuft,Rust,661
Columbine,Aqua,662
Tulip,Amethyst,663
Symphytum,Ultramarine,664
Gillyflower,Apricot,665
Coneflower,Pink,666
Eucalyptus,Apricot,667
Mesquite,Camel,668
Japanese Iris,Gray,669
Drumstick,Dark red,670
Candytuft,Rosegold,671
Japanese Iris,Red,672
Hedge plant,Silver,673
Bearberry,Blue,674
Filipendula,Blue,675
Periwinkle,Mauve,676
Easter orchid,Magenta,677
Coneflower,Carmine,678
Millet,Salmon,679
Snowflake,Carmine,680
Calla Lily,Dark red,681
Elephant Ear,Fuchsia,682
Guaco,Gray,683
Bluebonnet,Cyan,684
Cotton plant,Cyan,685
Dogwood,Champagne,686
Buttercup,Green,687
Buttercup,Camel,688
Mugwort,Rosegold,689
Rosemary,Black,690
Morning Glory,Sienna,691
Fig,Cadet blue,692
Apricot,Ultramarine,693
Fig,Champagne,694
Bindweed,Cadet blue,695
Periwinkle,Rust,696
Chinese Evergreen,Aqua,697
Banyan,Ruby,698
Alstroemeria,Sienna,699
Manzanita,Pink,700
Madagascar Dragon Tree,Champagne,701
Cotton plant,Gold,702
Apple,Dark Red,703
Bramble,Sienna,704
Ginseng,Yellow,705
Fellenwort,Barbie Pink,706
Ginseng,Dark Red,707
Buttercup,Camel,708
Goldenrod,Olive,709
Groundberry,Green,710
Narcissus,Orange,711
Aspen,Azure,712
Cotton plant,Red,713
Bellflower,Rosewood,714
Dogwood,Capri,715
Narcissus,Lavender,716
Nemesia,Camel,717
Shasta Daisy,Orange,718
Mugwort,Mauve,719
African Violet,Capri,720
Mugwort,Azure,721
Tulip,Champagne,722
Clarkia,Cadet blue,723
Guaco,Red,724
Dogwood,Champagne,725
Indian paintbrush,Dark Red,726
Indian paintbrush,Maroon,727
Kauila,Gray,728
African Violet,Cadet blue,729
Snowflake,Fuchsia,730
Columbine,Black,731
Bilberry,Rust,732
Cactus,Red,733
Cabbage,Green,734
Guaco,Peach,735
Chamomile,Sky blue,736
Narcissus,Lavender,737
Dogwood,Blue,738
Morning Glory,Rosegold,739
Vervain,Azure,740
Kudzu,coral,741
Goldenglow,Pink,742
Lily,Mauve,743
Morning Glory,Champagne,744
Snowdrop,Red,745
Columbine,Ultramarine,746
Columbine,Black,747
Mistletoe,Blue,748
Easter orchid,Capri,749
Daisy,Champagne,750
Bearberry,Ultramarine,751
Kudzu,Sepia,752
Tulip,Rust,753
Calla Lily,Ultramarine,754
Mistletoe,Maroon,755
Agapanthus,White,756
Elephant Ear,Ruby,757
African Violet,Capri,758
Morning Glory,Lavender,759
California sycamore,Champagne,760
Periwinkle,Orange,761
Cucumber,Sienna,762
Cucumber,Rosewood,763
Fennel,Carmine,764
Groundberry,Capri,765
Kauila,Green,766
Kentia Palm Plant,Amethyst,767
Ambrosia,Sky blue,768
Grapefruit,Dark Red,769
Fennel,Azure,770
Symphytum,Mauve,771
Madagascar Dragon Tree,Beige,772
Apple,Salmon,773
Thistle,Fuchsia,774
Lily,Silver,775
Fig,Blue,776
Mugwort,White,777
Chamomile,Green,778
Dumb Cane,Aquamarine,779
Mugwort,Pink,780
Arrowwood,Brown,781
Snowdrop,Cyan,782
Filipendula,Lime,783
Rosemary,Dark Red,784
Snowdrop,Champagne,785
Mesquite,Rosewood,786
Millet,Rosegold,787
Huckleberry,Amethyst,788
Huckleberry,Azure,789
Hedge plant,Rosegold,790
Periwinkle,Mauve,791
Silene,Olive,792
Lucky Bamboo,Maroon,793
Dogwood,Beige,794
Japanese Iris,Pink,795
Symphytum,Maroon,796
Red Hot Poker Plant,Gold,797
Huckleberry,Sky blue,798
Bramble,Ultramarine,799
Buttercup,Lime,800
Tulip,Azure,801
Mesquite,Lavender,802
Periwinkle,Orange,803
Grapefruit,Gray,804
Bilberry,Auburn,805
Cherry,Rust,806
Goldenglow,Purple,807
Fennel,Black,808
Groundberry,Cadet blue,809
Primrose,Cerise,810
Groundberry,Aqua,811
Alstroemeria,Azure,812
Arrowwood,Salmon,813
Baobab,Gray,814
Kauila,Capri,815
Huckleberry,Beige,816
Bee Balm Flower,Emerald,817
Catmint,Carmine,818
Dogwood,Ruby,819
Chestnut,Dark red,820
Butterfly weed,Purple,821
Narcissus,Cadet blue,822
Columbine,Sepia,823
Bluebonnet,Turquoise,824
California sycamore,Mauve,825
Grapefruit,Beige,826
Dogwood,Camel,827
Dogwood,Sienna,828
Urn Plant,White,829
Elephant Ear,Beige,830
Dogwood,Barbie Pink,831
African Violet,Fuchsia,832
Filipendula,Lavender,833
Agapanthus,Beige,834
Ambrosia,Sky blue,835
Silene,Fuchsia,836
Dogwood,Carmine,837
Groundberry,Camel,838
Banyan,Yellow,839
Ginseng,Lavender,840
Bilberry,Beige,841
Rosemary,Barbie Pink,842
Mesquite,Ultramarine,843
California sycamore,Gray,844
Bindweed,Ultramarine,845
Narcissus,White,846
Cup Flower,Aquamarine,847
Mesquite,Dark Red,848
Bindweed,coral,849
Bee Balm Flower,Aquamarine,850
Urn Plant,Camel,851
Bindweed,Sienna,852
Banyan,Mauve,853
Mangrove tree,Gray,854
Nightshade Family,Rust,855
Cotton plant,Olive,856
Daisy,Gray,857
Bramble,Pink,858
Soapwort,Green,859
Buttercup,Amethyst,860
Bramble,Ultramarine,861
Tulip,Emerald,862
Dogwood,Magenta,863
Chestnut,Champagne,864
Bramble,Pink,865
Buttercup,Ultramarine,866
Dogwood,Rust,867
Kauila,White,868
Ginseng,Olive,869
Japanese Iris,Gray,870
Apple,Yellow,871
Soapwort,Auburn,872
Alstroemeria,Rosegold,873
Ginseng,Champagne,874
Bleeding Heart,Amethyst,875
Coneflower,Rosewood,876
Water Lily,Sienna,877
Carrot,Sky blue,878
Fellenwort,Rosewood,879
Silene,Beige,880
Goldenrod,Rosewood,881
Chestnut,Fuchsia,882
Fellenwort,White,883
Cotton plant,Blue,884
Elephant Ear,Yellow,885
Dogwood,Brown,886
Apricot,Salmon,887
Cherry,Apricot,888
Cherry,Sky blue,889
Snowflake,Salmon,890
Snowdrop,Auburn,891
Kudzu,Camel,892
Cornflower,Aqua,893
Veronica,Ruby,894
Clarkia,Silver,895
Carrot,Pink,896
Banyan,Sienna,897
Butterfly weed,Cyan,898
Ambrosia,Mauve,899
Apricot,Gray,900
Hedge plant,Brown,901
Goldenglow,Fuchsia,902
Fennel,Purple,903
Hedge plant,Dark red,904
Bleeding Heart,Emerald,905
African Violet,Fuchsia,906
Cornflower,Mauve,907
Easter orchid,Magenta,908
Bilberry,coral,909
Grapefruit,coral,910
Mugwort,Ruby,911
Chestnut,Rosewood,912
Snowflake,Champagne,913
Chestnut,Purple,914
Bee Balm Flower,Maroon,915
Dumb Cane,Apricot,916
Chestnut,Aqua,917
Ginseng,Black,918
Tulip,Sepia,919
Madagascar Dragon Tree,Lavender,920
Lucky Bamboo,Ultramarine,921
Morning Glory,coral,922
Soapwort,Fuchsia,923
Bluebonnet,Dark red,924
Symphytum,Gray,925
Ironwood,Cyan,926
Agapanthus,Champagne,927
Snowdrop,Rosewood,928
Fellenwort,Carmine,929
Dumb Cane,Ultramarine,930
Cactus,Azure,931
Nemesia,Gold,932
Chestnut,Sepia,933
Millet,Pink,934
Indian paintbrush,Green,935
Drumstick,Auburn,936
Tulip,Emerald,937
Indian paintbrush,coral,938
Chinese Evergreen,Camel,939
Chestnut,Brown,940
Birch,Lime,941
Eucalyptus,Gray,942
Collard,Beige,943
Kentia Palm Plant,Auburn,944
Soapwort,Pink,945
Bearberry,Azure,946
Kudzu,Cyan,947
Mangrove tree,Purple,948
Madagascar Dragon Tree,Red,949
Red Hot Poker Plant,Silver,950
Chestnut,Olive,951
Periwinkle,Carmine,952
Kauila,Dark red,953
Bearberry,Sky blue,954
Daisy,Mauve,955
African Violet,Gold,956
Grapefruit,Brown,957
Tulip,Rust,958
Bee Balm Flower,Silver,959
Morning Glory,Aquamarine,960
Cornflower,Dark red,961
Tulip,Blue,962
Urn Plant,Pink,963
Agapanthus,Maroon,964
Ironwood,Amethyst,965
Tulip,Dark Red,966
Mangrove tree,Cerise,967
Symphytum,Fuchsia,968
Japanese Iris,Pink,969
Drumstick,Yellow,970
Drumstick,Gray,971
Ambrosia,Fuchsia,972
Thistle,Cyan,973
Goldenrod,Sepia,974
Bearberry,Brown,975
Rosemary,Aqua,976
Periwinkle,Lime,977
Bee Balm Flower,Sky blue,978
Dindle,Cyan,979
Bilberry,Cadet blue,980
Fennel,Cerise,981
Hedge plant,Gold,982
Alstroemeria,Sky blue,983
Soapwort,Green,984
Chestnut,Cerise,985
Mugwort,Rosegold,986
Fennel,Yellow,987
Silene,Maroon,988
Drumstick,Lavender,989
Bilberry,Champagne,990
Collard,Maroon,991
Bearberry,White,992
Mistletoe,Sienna,993
Cherry,Red,994
Guaco,Fuchsia,995
Millet,Orange,996
Kauila,Auburn,997
Apricot,Gray,998
Mangrove tree,Purple,999
Ironwood,Sienna,1000
Japanese Iris,Beige,1001
Eucalyptus,Blue,1002
Aspen,Blue,1003
Eucalyptus,Green,1004
Fig,Apricot,1005
Chamomile,Peach,1006
Ironwood,Dark red,1007
Grapefruit,Capri,1008
Birch,coral,1009
Baobab,Carmine,1010
Japanese Iris,Apricot,1011
Cabbage,Emerald,1012
Dogwood,Salmon,1013
Huckleberry,Cyan,1014
Fennel,Sienna,1015
Alstroemeria,Salmon,1016
Soapwort,Rosewood,1017
Chestnut,Olive,1018
Primrose,Black,1019
Pansy,Turquoise,1020
Columbine,Gray,1021
Gillyflower,Brown,1022
Easter orchid,coral,1023
Filipendula,Ruby,1024
Snowflake,Dark Red,1025
Pansy,Cerise,1026
Birch,Cerise,1027
Lily,Sepia,1028
Arrowwood,Purple,1029
Guaco,Fuchsia,1030
African Violet,Black,1031
Kauila,Azure,1032
Arrowwood,Camel,1033
Drumstick,Blue,1034
Rose,Fuchsia,1035
Bilberry,Capri,1036
Ginseng,Yellow,1037
Apple,Blue,1038
Mesquite,Rust,1039
Collard,Maroon,1040
Kudzu,Orange,1041
Lucky Bamboo,Aqua,1042
Nightshade Family,Peach,1043
Bindweed,Green,1044
Water Lily,Dark Red,1045
Bearberry,Ultramarine,1046
Birch,Azure,1047
Clarkia,Champagne,1048
Drumstick,Champagne,1049
Veronica,Auburn,1050
Calla Lily,Blue,1051
Alstroemeria,Fuchsia,1052
Daisy,Dark Red,1053
Lucky Bamboo,Dark red,1054
Pansy,Dark Red,1055
Agapanthus,Rosewood,1056
Baobab,Rosewood,1057
Drumstick,Cyan,1058
Japanese Iris,White,1059
Lucky Bamboo,Brown,1060
Snowdrop,Rust,1061
Madagascar Dragon Tree,Dark Red,1062
Buttercup,Cerise,1063
Mesquite,Carmine,1064
Lucky Bamboo,Amethyst,1065
Rosemary,Cyan,1066
Bleeding Heart,Fuchsia,1067
Dogwood,Salmon,1068
Soapwort,Cyan,1069
Mangrove tree,Aquamarine,1070
Agapanthus,Dark red,1071
African Violet,Cadet blue,1072
Filipendula,coral,1073
Snowflake,White,1074
Cabbage,Purple,1075
Chestnut,Sepia,1076
Bindweed,Gray,1077
Cactus,Blue,1078
Water Lily,Auburn,1079
Mesquite,Barbie Pink,1080
Snowflake,Barbie Pink,1081
Fennel,Sky blue,1082
Bearberry,Fuchsia,1083
Elephant Ear,Azure,1084
Cucumber,Purple,1085
Vervain,Rosewood,1086
Bearberry,Sky blue,1087
Snowflake,Capri,1088
Banyan,Magenta,1089
Lucky Bamboo,Dark red,1090
Goldenrod,Azure,1091
Eucalyptus,Azure,1092
Pansy,Blue,1093
Aspen,Cyan,1094
Guaco,Olive,1095
Calla Lily,Silver,1096
Cherry,Brown,1097
Indian paintbrush,Turquoise,1098
Lucky Bamboo,Champagne,1099
Coneflower,Champagne,1100
Cornflower,Ruby,1101
Fig,Fuchsia,1102
Kauila,Carmine,1103
Lucky Bamboo,Silver,1104
Veronica,Fuchsia,1105
Bellflower,Amethyst,1106
Urn Plant,Purple,1107
Cactus,Ruby,1108
Butterfly weed,Magenta,1109
Fig,Black,1110
Fellenwort,Orange,1111
Mugwort,Lavender,1112
Easter orchid,Rosewood,1113
Morning Glory,Champagne,1114
Madagascar Dragon Tree,Dark red,1115
Fig,Camel,1116
Manzanita,Lavender,1117
Symphytum,White,1118
Urn Plant,Maroon,1119
Mistletoe,Yellow,1120
Buttercup,Lavender,1121
Cucumber,White,1122
Agapanthus,Magenta,1123
Cherry,Aquamarine,1124
Butterfly weed,Lime,1125
Bindweed,Green,1126
Vervain,Lime,1127
Poppy,Brown,1128
Cornflower,Ultramarine,1129
Eucalyptus,Emerald,1130
Eucalyptus,Cerise,1131
Bluebonnet,Ultramarine,1132
Butterfly weed,Dark red,1133
Gillyflower,Lavender,1134
Buttercup,Camel,1135
Baobab,Orange,1136
Nightshade Family,coral,1137
Snowflake,Orange,1138
Dogwood,Peach,1139
Eucalyptus,Silver,1140
Cabbage,Aquamarine,1141
Nightshade Family,Apricot,1142
Silene,Cyan,1143
Easter orchid,Pink,1144
African Violet,Sky blue,1145
Chamomile,Lime,1146
Primrose,Peach,1147
Kauila,Camel,1148
Indian paintbrush,Brown,1149
Primrose,Rosewood,1150
Columbine,Beige,1151
Madagascar Dragon Tree,Lime,1152
Narcissus,Salmon,1153
Snowdrop,Auburn,1154
Bindweed,Rust,1155
Coneflower,Azure,1156
Soapwort,Sienna,1157
Ironwood,Rust,1158
Japanese Iris,Cerise,1159
Veronica,Cadet blue,1160
Baobab,Rosegold,1161
Poppy,Rosegold,1162
Mugwort,Apricot,1163
Vervain,Silver,1164
Bee Balm Flower,Silver,1165
Grapefruit,Aqua,1166
Arrowwood,Aqua,1167
Vervain,Gray,1168
Buttercup,Cadet blue,1169
Lucky Bamboo,Mauve,1170
Collard,Camel,1171
Bramble,Green,1172
Bearberry,Turquoise,1173
Groundberry,Sepia,1174
Mistletoe,Mauve,1175
Bearberry,Peach,1176
Arrowwood,coral,1177
Huckleberry,Ultramarine,1178
Cabbage,Emerald,1179
Dumb Cane,Beige,1180
Pansy,Red,1181
Bluebonnet,Sky blue,1182
Poppy,Mauve,1183
Huckleberry,Dark Red,1184
Lucky Bamboo,Gold,1185
Ironwood,Auburn,1186
Ginseng,Pink,1187
Birch,Rosewood,1188
Daisy,Dark Red,1189
Agapanthus,Aquamarine,1190
Mesquite,Cadet blue,1191
Ambrosia,Silver,1192
Tulip,Dark Red,1193
Lily,Sky blue,1194
Agapanthus,Pink,1195
Lucky Bamboo,Rust,1196
Bramble,Peach,1197
Kauila,Cadet blue,1198
Agapanthus,Gray,1199
Eucalyptus,Purple,1200
Poppy,Pink,1201
Mesquite,Rust,1202
Apple,Yellow,1203
Bellflower,Yellow,1204
Kudzu,Rust,1205
Coneflower,Carmine,1206
Goldenglow,White,1207
African Violet,Gold,1208
Urn Plant,Barbie Pink,1209
Apple,Salmon,1210
Fennel,Capri,1211
Cotton plant,Gray,1212
Mugwort,Dark Red,1213
Japanese Iris,Sienna,1214
Bramble,Red,1215
Apricot,Black,1216
Goldenrod,Pink,1217
Periwinkle,Amethyst,1218
Columbine,Champagne,1219
Gillyflower,Green,1220
Columbine,Peach,1221
Cabbage,Azure,1222
Vervain,Barbie Pink,1223
Indian paintbrush,Yellow,1224
Columbine,Fuchsia,1225
Soapwort,Turquoise,1226
Easter orchid,Gray,1227
Cucumber,Lime,1228
Cactus,Mauve,1229
Elephant Ear,Apricot,1230
Bearberry,Capri,1231
Alstroemeria,Capri,1232
Mesquite,Sky blue,1233
Columbine,Black,1234
Calla Lily,Dark Red,1235
Gillyflower,Silver,1236
Lily,Ruby,1237
Alstroemeria,Rosegold,1238
Banyan,Cadet blue,1239
Cotton plant,Auburn,1240
Apple,Maroon,1241
Cactus,coral,1242
Cactus,Fuchsia,1243
Bearberry,Capri,1244
Lily,Sepia,1245
Dogwood,Brown,1246
Goldenglow,Black,1247
Urn Plant,coral,1248
Bearberry,Green,1249
Alstroemeria,Gold,1250
Hedge plant,Turquoise,1251
Bellflower,Ultramarine,1252
Apricot,Auburn,1253
Shasta Daisy,Barbie Pink,1254
Bilberry,Green,1255
Lily,Yellow,1256
Baobab,coral,1257
Eucalyptus,Salmon,1258
Primrose,Yellow,1259
Primrose,Rosegold,1260
Nemesia,Lavender,1261
African Violet,Capri,1262
Symphytum,Dark red,1263
Kauila,Sepia,1264
Cucumber,Yellow,1265
Arrowwood,Carmine,1266
Huckleberry,Brown,1267
Urn Plant,Silver,1268
Millet,Lavender,1269
Cherry,Sepia,1270
Bee Balm Flower,Olive,1271
Snowflake,Lime,1272
Kudzu,Azure,1273
Cabbage,Gray,1274
Snowflake,Blue,1275
Bramble,Champagne,1276
Chestnut,Auburn,1277
Filipendula,Rosegold,1278
Bluebonnet,Sienna,1279
Mistletoe,Lavender,1280
Dogwood,Emerald,1281
Collard,Apricot,1282
Chamomile,Ruby,1283
Cabbage,Pink,1284
Soapwort,Sienna,1285
Groundberry,Gold,1286
Bearberry,Sienna,1287
Mangrove tree,Rosewood,1288
Periwinkle,Gold,1289
Bellflower,Emerald,1290
Veronica,Sepia,1291
Bellflower,Mauve,1292
Indian paintbrush,Green,1293
Fennel,Blue,1294
Ginseng,Brown,1295
Madagascar Dragon Tree,Black,1296
Bee Balm Flower,Beige,1297
Bearberry,Salmon,1298
Lily,Capri,1299
Buttercup,Purple,1300
Snowdrop,Olive,1301
Nightshade Family,Rosegold,1302
Mistletoe,Barbie Pink,1303
Rosemary,Pink,1304
Mangrove tree,Capri,1305
Tulip,Sienna,1306
Ambrosia,Aqua,1307
Dindle,Cerise,1308
Mesquite,Beige,1309
Red Hot Poker Plant,Purple,1310
Rosemary,White,1311
Fennel,Mauve,1312
Nightshade Family,Apricot,1313
Dogwood,Gold,1314
Candytuft,Capri,1315
Water Lily,Purple,1316
Tulip,Barbie Pink,1317
Pansy,Turquoise,1318
Bearberry,Cyan,1319
African Violet,Lime,1320
Catmint,Gold,1321
Cactus,Rust,1322
Cotton plant,Rust,1323
Collard,Auburn,1324
Ironwood,Sienna,1325
Mesquite,Silver,1326
Aspen,Green,1327
Bee Balm Flower,Auburn,1328
Nemesia,Blue,1329
Symphytum,Fuchsia,1330
Rosemary,Green,1331
Bilberry,Salmon,1332
Drumstick,Aquamarine,1333
Clarkia,Dark Red,1334
Chinese Evergreen,Red,1335
Bellflower,Champagne,1336
Bearberry,Aquamarine,1337
Ambrosia,Green,1338
Arrowwood,Gray,1339
Nightshade Family,Red,1340
Fennel,Silver,1341
Poppy,Salmon,1342
Fennel,Pink,1343
Bramble,Yellow,1344
Lily,Green,1345
Water Lily,Black,1346
Dindle,Black,1347
Ironwood,Yellow,1348
Shasta Daisy,Peach,1349
Banyan,Rosewood,1350
Carrot,Peach,1351
Groundberry,Black,1352
Guaco,Cyan,1353
Catmint,Camel,1354
Mangrove tree,Green,1355
Cotton plant,Peach,1356
Cornflower,Lavender,1357
Daisy,Brown,1358
Eucalyptus,Aqua,1359
Bearberry,Azure,1360
Carrot,Beige,1361
Cotton plant,Apricot,1362
Red Hot Poker Plant,Aquamarine,1363
Japanese Iris,Salmon,1364
Bluebonnet,Amethyst,1365
Japanese Iris,Brown,1366
Eucalyptus,Gray,1367
Snowdrop,Rosegold,1368
Cornflower,Mauve,1369
Cabbage,Auburn,1370
Birch,White,1371
Arrowwood,Lime,1372
Bellflower,Ultramarine,1373
Red Hot Poker Plant,Aqua,1374
Arrowwood,White,1375
Kauila,Peach,1376
Alstroemeria,Aquamarine,1377
Vervain,Fuchsia,1378
Goldenglow,Black,1379
Apple,Peach,1380
Grapefruit,Beige,1381
Lucky Bamboo,Black,1382
Shasta Daisy,Gold,1383
Birch,Maroon,1384
Rosemary,Cadet blue,1385
Soapwort,Cadet blue,1386
Daisy,Rust,1387
Goldenrod,Green,1388
Morning Glory,Peach,1389
Dogwood,Yellow,1390
Rose,Turquoise,1391
Chamomile,Lavender,1392
Chinese Evergreen,Turquoise,1393
Cup Flower,Barbie Pink,1394
Filipendula,Black,1395
Buttercup,Camel,1396
Millet,Dark red,1397
Snowflake,Mauve,1398
Mistletoe,Mauve,1399
Fig,Aqua,1400
Periwinkle,Olive,1401
Lucky Bamboo,Sky blue,1402
Birch,Pink,1403
Mangrove tree,Amethyst,1404
Huckleberry,Ruby,1405
Cucumber,Lavender,1406
Bramble,Black,1407
Filipendula,Lime,1408
Candytuft,Champagne,1409
Periwinkle,Fuchsia,1410
Arrowwood,Gray,1411
Bearberry,Olive,1412
Calla Lily,Barbie Pink,1413
Columbine,Green,1414
Morning Glory,Sky blue,1415
Morning Glory,Aqua,1416
Bearberry,Rosegold,1417
Fellenwort,Magenta,1418
Baobab,Sepia,1419
Banyan,Dark red,1420
Eucalyptus,Fuchsia,1421
Fennel,Barbie Pink,1422
Silene,Yellow,1423
Fig,Sienna,1424
Madagascar Dragon Tree,Cerise,1425
Madagascar Dragon Tree,Barbie Pink,1426
Fig,Aquamarine,1427
Dumb Cane,Aquamarine,1428
Madagascar Dragon Tree,Sienna,1429
Goldenrod,Purple,1430
Apricot,Capri,1431
Mesquite,coral,1432
Chinese Evergreen,Brown,1433
Kudzu,Mauve,1434
Urn Plant,Silver,1435
Narcissus,Camel,1436
Arrowwood,White,1437
Filipendula,Aqua,1438
Baobab,Mauve,1439
Cup Flower,Red,1440
Dindle,Dark Red,1441
Elephant Ear,Cadet blue,1442
Alstroemeria,Silver,1443
Cotton plant,Turquoise,1444
Mesquite,Azure,1445
Narcissus,Barbie Pink,1446
Tulip,Dark Red,1447
Bindweed,Barbie Pink,1448
Buttercup,Black,1449
Bluebonnet,Turquoise,1450
Vervain,Gold,1451
Millet,Aqua,1452
Morning Glory,Rosewood,1453
Birch,Purple,1454
Fennel,Camel,1455
Chamomile,Lavender,1456
Bearberry,Pink,1457
Bilberry,Capri,1458
Calla Lily,Carmine,1459
Hedge plant,Purple,1460
Periwinkle,White,1461
Arrowwood,Amethyst,1462
Millet,Magenta,1463
Cup Flower,Salmon,1464
Clarkia,Ruby,1465
Soapwort,Ruby,1466
Cabbage,Green,1467
Dumb Cane,Olive,1468
Baobab,Turquoise,1469
Bindweed,Orange,1470
Snowdrop,Olive,1471
Aspen,Mauve,1472
Groundberry,Pink,1473
Shasta Daisy,Rosewood,1474
Cornflower,Azure,1475
Candytuft,Ultramarine,1476
Japanese Iris,Brown,1477
Columbine,Dark Red,1478
Millet,Fuchsia,1479
Guaco,Sienna,1480
Candytuft,Salmon,1481
Carrot,Yellow,1482
Baobab,coral,1483
Bilberry,Black,1484
Baobab,Rosegold,1485
Tulip,Cyan,1486
Ironwood,Ruby,1487
Symphytum,Sky blue,1488
Pansy,Maroon,1489
Bellflower,Emerald,1490
Indian paintbrush,Cerise,1491
Shasta Daisy,Auburn,1492
Apricot,Champagne,1493
Symphytum,Rust,1494
Banyan,Maroon,1495
Calla Lily,Pink,1496
Candytuft,Cerise,1497
Cup Flower,Gray,1498
Columbine,Emerald,1499
Candytuft,Lavender,1500
Candytuft,Purple,1501
Arrowwood,Apricot,1502
Columbine,Magenta,1503
Millet,Emerald,1504
Chestnut,Orange,1505
Butterfly weed,Sienna,1506
Japanese Iris,Aqua,1507
Dogwood,Black,1508
Cornflower,Rosewood,1509
Fennel,Aquamarine,1510
Coneflower,Lime,1511
Easter orchid,Ruby,1512
Bramble,Rosewood,1513
Goldenrod,Carmine,1514
Japanese Iris,Dark Red,1515
Grapefruit,Rosegold,1516
Candytuft,Green,1517
Soapwort,Amethyst,1518
Drumstick,Magenta,1519
Columbine,White,1520
Nightshade Family,Turquoise,1521
Alstroemeria,Cerise,1522
Grapefruit,Camel,1523
Cabbage,White,1524
Millet,Black,1525
Bearberry,Lime,1526
Cotton plant,Carmine,1527
Alstroemeria,Cyan,1528
Calla Lily,Red,1529
Agapanthus,Sky blue,1530
Vervain,Cerise,1531
Silene,Sepia,1532
Indian paintbrush,Ruby,1533
Mugwort,Barbie Pink,1534
Buttercup,Orange,1535
Dumb Cane,Sky blue,1536
Japanese Iris,Orange,1537
Ginseng,Sepia,1538
Apricot,Maroon,1539
Rosemary,White,1540
Ginseng,Ruby,1541
Mugwort,Yellow,1542
Dumb Cane,Turquoise,1543
Rosemary,Aquamarine,1544
Columbine,Auburn,1545
Goldenrod,Cyan,1546
Mugwort,Cerise,1547
Eucalyptus,Auburn,1548
Snowflake,Rosegold,1549
Veronica,Camel,1550
Cherry,Cyan,1551
Japanese Iris,Lavender,1552
Drumstick,Ultramarine,1553
Tulip,Emerald,1554
Mangrove tree,Rosegold,1555
California sycamore,Gray,1556
Calla Lily,Capri,1557
Japanese Iris,Green,1558
Birch,Orange,1559
Manzanita,Black,1560
Soapwort,Turquoise,1561
Coneflower,White,1562
Thistle,Fuchsia,1563
Nemesia,Purple,1564
Bluebonnet,Sky blue,1565
Bellflower,Aquamarine,1566
Goldenrod,Pink,1567
Apple,Maroon,1568
Millet,Sienna,1569
Filipendula,Purple,1570
Groundberry,Lime,1571
Symphytum,Orange,1572
Morning Glory,Capri,1573
Gillyflower,Azure,1574
Cucumber,Purple,1575
Snowflake,Olive,1576
Snowflake,Magenta,1577
Madagascar Dragon Tree,Turquoise,1578
Nightshade Family,Rosegold,1579
Kentia Palm Plant,Maroon,1580
Baobab,Aquamarine,1581
Guaco,Sienna,1582
Nemesia,Green,1583
Guaco,Peach,1584
Apple,Camel,1585
Thistle,coral,1586
Ironwood,Ruby,1587
Bilberry,Turquoise,1588
Cup Flower,Champagne,1589
Cotton plant,Cerise,1590
Shasta Daisy,Ruby,1591
Fennel,Brown,1592
Banyan,Fuchsia,1593
Bilberry,Auburn,1594
Nemesia,Peach,1595
Water Lily,Rust,1596
Grapefruit,Cerise,1597
Grapefruit,Lavender,1598
Poppy,Maroon,1599
Elephant Ear,coral,1600
Bleeding Heart,Auburn,1601
Clarkia,Turquoise,1602
Hedge plant,Cadet blue,1603
Daisy,Azure,1604
Shasta Daisy,Beige,1605
Symphytum,Aquamarine,1606
Hedge plant,Pink,1607
Madagascar Dragon Tree,Maroon,1608
Easter orchid,Cadet blue,1609
Filipendula,Fuchsia,1610
Veronica,Mauve,1611
Poppy,Turquoise,1612
Collard,Fuchsia,1613
Kudzu,Turquoise,1614
Red Hot Poker Plant,Ultramarine,1615
Arrowwood,Red,1616
Goldenglow,Turquoise,1617
Chestnut,Green,1618
Bluebonnet,Lime,1619
Nemesia,Ultramarine,1620
Grapefruit,Blue,1621
Cup Flower,Brown,1622
Bilberry,Sepia,1623
Groundberry,Magenta,1624
Apple,Capri,1625
Filipendula,Sky blue,1626
Candytuft,Sienna,1627
Millet,Turquoise,1628
Candytuft,Auburn,1629
Dindle,Silver,1630
Fennel,Cyan,1631
Arrowwood,Silver,1632
Morning Glory,Blue,1633
Hedge plant,Rust,1634
Kudzu,Sepia,1635
Aspen,Aqua,1636
Ambrosia,Amethyst,1637
Cornflower,Sky blue,1638
Daisy,Aqua,1639
Easter orchid,Brown,1640
Shasta Daisy,Aqua,1641
Bleeding Heart,Sky blue,1642
Alstroemeria,Cadet blue,1643
Mugwort,Azure,1644
Banyan,Red,1645
Collard,Azure,1646
Apricot,Gray,1647
Chamomile,Sepia,1648
Vervain,Apricot,1649
Cucumber,Azure,1650
Easter orchid,Yellow,1651
Clarkia,coral,1652
Red Hot Poker Plant,Sky blue,1653
Hedge plant,Aqua,1654
Hedge plant,Beige,1655
Columbine,Amethyst,1656
Huckleberry,Green,1657
Morning Glory,Dark Red,1658
Arrowwood,coral,1659
Banyan,Salmon,1660
Manzanita,Gray,1661
African Violet,Capri,1662
Snowflake,Red,1663
Bluebonnet,Lime,1664
Japanese Iris,coral,1665
Tulip,Champagne,1666
Nemesia,White,1667
Ginseng,Rosewood,1668
Apricot,Aquamarine,1669
Ambrosia,Barbie Pink,1670
Indian paintbrush,Apricot,1671
Poppy,Magenta,1672
Buttercup,Carmine,1673
Arrowwood,Auburn,1674
Agapanthus,Magenta,1675
Candytuft,Auburn,1676
Veronica,Sepia,1677
Chestnut,Olive,1678
Easter orchid,Aquamarine,1679
Kentia Palm Plant,Ruby,1680
Easter orchid,Emerald,1681
Gillyflower,Amethyst,1682
Bearberry,Black,1683
Symphytum,Apricot,1684
Arrowwood,Champagne,1685
Guaco,Magenta,1686
Columbine,Auburn,1687
Chinese Evergreen,Rosewood,1688
Columbine,Magenta,1689
Apricot,Dark red,1690
Shasta Daisy,Azure,1691
Symphytum,Magenta,1692
Gillyflower,Sky blue,1693
Collard,Red,1694
Baobab,White,1695
Butterfly weed,Rosegold,1696
Columbine,Rosegold,1697
Shasta Daisy,Cyan,1698
Bearberry,Apricot,1699
Dumb Cane,Brown,1700
Fellenwort,White,1701
Easter orchid,Lavender,1702
Poppy,Cyan,1703
Dogwood,Turquoise,1704
Soapwort,Rosewood,1705
Nemesia,Silver,1706
Drumstick,Dark Red,1707
Cotton plant,Apricot,1708
Bee Balm Flower,Rosewood,1709
Manzanita,Cyan,1710
Ambrosia,Lavender,1711
Aspen,Apricot,1712
Baobab,Dark red,1713
Filipendula,Red,1714
Symphytum,Gray,1715
Kentia Palm Plant,Sienna,1716
Bindweed,Azure,1717
Cornflower,Lime,1718
Bilberry,Orange,1719
Guaco,Dark red,1720
Dogwood,Amethyst,1721
Indian paintbrush,Gray,1722
Fellenwort,coral,1723
Fig,Red,1724
Hedge plant,Magenta,1725
Silene,coral,1726
Dogwood,Fuchsia,1727
Narcissus,Orange,1728
Shasta Daisy,Azure,1729
Apple,Black,1730
Tulip,White,1731
Fellenwort,Rust,1732
Urn Plant,Rosegold,1733
Chestnut,Pink,1734
Bilberry,Peach,1735
Hedge plant,Lime,1736
Easter orchid,Camel,1737
Cornflower,Yellow,1738
Morning Glory,Capri,1739
Bleeding Heart,Magenta,1740
Catmint,Green,1741
Daisy,Yellow,1742
Bellflower,Brown,1743
Bilberry,Gold,1744
Filipendula,Fuchsia,1745
Fig,Blue,1746
Dumb Cane,Orange,1747
Cactus,Red,1748
Primrose,Sky blue,1749
Daisy,Purple,1750
Arrowwood,Maroon,1751
Fennel,Fuchsia,1752
Symphytum,Amethyst,1753
Columbine,Rust,1754
Birch,Apricot,1755
Tulip,Dark Red,1756
Daisy,Sky blue,1757
Clarkia,Camel,1758
Ginseng,Magenta,1759
Baobab,Dark Red,1760
Apple,Olive,1761
Indian paintbrush,coral,1762
Bearberry,Sepia,1763
Banyan,Aquamarine,1764
Indian paintbrush,Beige,1765
Carrot,Maroon,1766
African Violet,Peach,1767
Butterfly weed,Peach,1768
Kauila,Orange,1769
Periwinkle,Turquoise,1770
Daisy,Sky blue,1771
Morning Glory,Azure,1772
Bindweed,Auburn,1773
Cucumber,Green,1774
Chamomile,Apricot,1775
Clarkia,Cerise,1776
Indian paintbrush,Cadet blue,1777
Candytuft,Blue,1778
California sycamore,Black,1779
Periwinkle,Rust,1780
Carrot,Cerise,1781
Dindle,Mauve,1782
Millet,Silver,1783
Chestnut,Azure,1784
Rosemary,Barbie Pink,1785
Snowdrop,Ultramarine,1786
African Violet,Beige,1787
Bilberry,Magenta,1788
Cabbage,Maroon,1789
California sycamore,Rust,1790
Mugwort,Carmine,1791
Nightshade Family,Gray,1792
Hedge plant,Sky blue,1793
Thistle,Auburn,1794
Chestnut,Orange,1795
Daisy,Lavender,1796
Mangrove tree,coral,1797
Calla Lily,Barbie Pink,1798
Apricot,Aqua,1799
Fellenwort,Sky blue,1800
Ginseng,Beige,1801
Tulip,Capri,1802
Japanese Iris,Dark red,1803
Poppy,coral,1804
Hedge plant,Brown,1805
Alstroemeria,White,1806
Dindle,coral,1807
Japanese Iris,Olive,1808
Vervain,Cadet blue,1809
Collard,Beige,1810
Calla Lily,Gold,1811
Bellflower,Ruby,1812
Candytuft,Camel,1813
Japanese Iris,Olive,1814
Grapefruit,Magenta,1815
Cactus,Mauve,1816
Kudzu,Sienna,1817
Guaco,Gold,1818
Thistle,Champagne,1819
Cotton plant,Orange,1820
Kentia Palm Plant,Cerise,1821
Urn Plant,Green,1822
Fennel,Gold,1823
Veronica,Cerise,1824
Vervain,Emerald,1825
Mugwort,Champagne,1826
Tulip,Lime,1827
Rose,Dark Red,1828
Cornflower,Cadet blue,1829
Columbine,Blue,1830
Millet,Maroon,1831
Kudzu,Green,1832
Butterfly weed,Champagne,1833
Gillyflower,Azure,1834
Columbine,Lime,1835
Clarkia,Amethyst,1836
Thistle,Cadet blue,1837
Cactus,Ruby,1838
Bleeding Heart,Blue,1839
Rosemary,Fuchsia,1840
Dumb Cane,Rust,1841
Ambrosia,Blue,1842
Lily,Dark red,1843
Dindle,Ultramarine,1844
Morning Glory,Barbie Pink,1845
Dindle,Blue,1846
California sycamore,Blue,1847
Filipendula,Carmine,1848
Candytuft,Black,1849
California sycamore,Ultramarine,1850
Gillyflower,Olive,1851
Chestnut,Magenta,1852
Mistletoe,Silver,1853
Groundberry,Barbie Pink,1854
Pansy,White,1855
Manzanita,Purple,1856
Cactus,Dark red,1857
Chamomile,Dark Red,1858
Fennel,Salmon,1859
Goldenglow,Sepia,1860
Apple,Rosegold,1861
African Violet,Ultramarine,1862
Apricot,Sky blue,1863
Kudzu,Cadet blue,1864
Bee Balm Flower,Sienna,1865
Silene,Gold,1866
Bilberry,Camel,1867
Shasta Daisy,Orange,1868
Alstroemeria,Purple,1869
Columbine,Beige,1870
Primrose,Sky blue,1871
Columbine,Blue,1872
Cucumber,White,1873
California sycamore,Cyan,1874
Lily,Beige,1875
Goldenglow,Sienna,1876
Morning Glory,Pink,1877
Morning Glory,Ultramarine,1878
Kentia Palm Plant,Maroon,1879
Indian paintbrush,Camel,1880
Cherry,Maroon,1881
Dumb Cane,Purple,1882
Catmint,Peach,1883
Goldenglow,Apricot,1884
Candytuft,Aqua,1885
Japanese Iris,Purple,1886
Cup Flower,Aquamarine,1887
Bellflower,Gold,1888
Birch,Camel,1889
Primrose,Magenta,1890
Manzanita,Champagne,1891
Bramble,Rust,1892
California sycamore,Camel,1893
Grapefruit,Lavender,1894
Hedge plant,Silver,1895
Urn Plant,Pink,1896
Fig,Purple,1897
Kauila,Champagne,1898
Fellenwort,Peach,1899
Carrot,Cyan,1900
Baobab,Blue,1901
Rose,Gray,1902
Manzanita,Apricot,1903
Bearberry,Aquamarine,1904
Rose,Red,1905
Tulip,Amethyst,1906
Eucalyptus,Ruby,1907
Calla Lily,Gold,1908
Groundberry,Azure,1909
Lily,Aquamarine,1910
Eucalyptus,Peach,1911
Narcissus,Sky blue,1912
Rose,Ultramarine,1913
Alstroemeria,Dark Red,1914
Dogwood,Peach,1915
Red Hot Poker Plant,Dark Red,1916
Nemesia,Yellow,1917
Kentia Palm Plant,Salmon,1918
Snowdrop,Amethyst,1919
Baobab,Blue,1920
Apple,Blue,1921
Columbine,Dark red,1922
Urn Plant,Azure,1923
Gillyflower,Lime,1924
Easter orchid,Fuchsia,1925
California sycamore,Emerald,1926
Rosemary,Cadet blue,1927
Manzanita,Peach,1928
Thistle,Mauve,1929
Ambrosia,Magenta,1930
Arrowwood,Fuchsia,1931
Kauila,Blue,1932
Apricot,Champagne,1933
Banyan,Lavender,1934
Chamomile,Dark red,1935
Periwinkle,Red,1936
Lily,Dark Red,1937
Cornflower,Fuchsia,1938
Cucumber,Champagne,1939
Morning Glory,Red,1940
Drumstick,Ruby,1941
Lily,Dark red,1942
Calla Lily,Magenta,1943
Bindweed,Aquamarine,1944
Apple,Aquamarine,1945
Ironwood,coral,1946
Hedge plant,Cadet blue,1947
Japanese Iris,Orange,1948
Easter orchid,Magenta,1949
Bindweed,Silver,1950
Ambrosia,Capri,1951
Snowdrop,Purple,1952
Bindweed,Lime,1953
Dindle,Cerise,1954
Buttercup,Auburn,1955
Columbine,Turquoise,1956
Clarkia,Black,1957
Ginseng,Red,1958
Snowflake,Barbie Pink,1959
Nightshade Family,White,1960
Lucky Bamboo,Azure,1961
Baobab,Purple,1962
Japanese Iris,Rust,1963
Calla Lily,coral,1964
Fig,Fuchsia,1965
Buttercup,Capri,1966
Hedge plant,Ruby,1967
Mesquite,Dark red,1968
Ambrosia,Pink,1969
Apricot,Sky blue,1970
Daisy,Red,1971
Shasta Daisy,Capri,1972
Narcissus,Salmon,1973
Cup Flower,Auburn,1974
Apricot,Fuchsia,1975
Japanese Iris,Ruby,1976
Kentia Palm Plant,Aqua,1977
Lily,Salmon,1978
Tulip,Green,1979
Bindweed,Olive,1980
Chestnut,Camel,1981
Chinese Evergreen,Maroon,1982
Alstroemeria,Capri,1983
Nightshade Family,Peach,1984
Fellenwort,Apricot,1985
Kudzu,Barbie Pink,1986
Filipendula,Apricot,1987
Ginseng,Olive,1988
Snowflake,Gold,1989
Aspen,Barbie Pink,1990
Buttercup,Aquamarine,1991
Cherry,Aquamarine,1992
Manzanita,Capri,1993
Carrot,Yellow,1994
Gillyflower,Maroon,1995
Indian paintbrush,Pink,1996
Bramble,Green,1997
Apricot,Black,1998
Chamomile,Barbie Pink,1999
Agapanthus,Brown,2000
African Violet,Cadet blue,2001
Apricot,Magenta,2002
Elephant Ear,Salmon,2003
Shasta Daisy,Beige,2004
Collard,Orange,2005
Goldenglow,Dark Red,2006
Lily,Mauve,2007
Cactus,Beige,2008
Symphytum,coral,2009
Symphytum,Fuchsia,2010
Kentia Palm Plant,Turquoise,2011
Japanese Iris,Sienna,2012
Arrowwood,Lime,2013
Periwinkle,Sienna,2014
Catmint,Silver,2015
Indian paintbrush,Azure,2016
Bindweed,Salmon,2017
Fellenwort,Mauve,2018
African Violet,Dark Red,2019
Water Lily,Blue,2020
Buttercup,Fuchsia,2021
Calla Lily,Sky blue,2022
Coneflower,Olive,2023
Dogwood,Rosegold,2024
Chinese Evergreen,Carmine,2025
Bearberry,Ruby,2026
Japanese Iris,Cyan,2027
Bramble,Ultramarine,2028
Japanese Iris,Purple,2029
Ironwood,Champagne,2030
Lucky Bamboo,Purple,2031
Banyan,Rosegold,2032
Fennel,Sienna,2033
Red Hot Poker Plant,Magenta,2034
Water Lily,Champagne,2035
Mesquite,Gray,2036
Buttercup,Red,2037
Easter orchid,Cadet blue,2038
Columbine,Gold,2039
Goldenrod,Maroon,2040
Bramble,Gold,2041
Cherry,Turquoise,2042
Periwinkle,Magenta,2043
Morning Glory,Sky blue,2044
Morning Glory,Capri,2045
Butterfly weed,Cerise,2046
Baobab,Apricot,2047
Buttercup,Green,2048
Aspen,Cadet blue,2049
Groundberry,Magenta,2050
Mesquite,Capri,2051
Mistletoe,Sienna,2052
Bramble,Mauve,2053
Butterfly weed,Fuchsia,2054
Periwinkle,Fuchsia,2055
Pansy,Sky blue,2056
Guaco,Red,2057
Shasta Daisy,Salmon,2058
Millet,Emerald,2059
Ginseng,Azure,2060
Rose,Capri,2061
Bellflower,Sepia,2062
Baobab,Blue,2063
Grapefruit,Olive,2064
Carrot,Sienna,2065
Cucumber,Aquamarine,2066
Bee Balm Flower,Auburn,2067
Mugwort,Cyan,2068
Baobab,Peach,2069
Filipendula,Amethyst,2070
Arrowwood,Purple,2071
Vervain,Gray,2072
Chamomile,Yellow,2073
Thistle,Purple,2074
Periwinkle,Gray,2075
Bee Balm Flower,Beige,2076
Shasta Daisy,Champagne,2077
Vervain,Orange,2078
Manzanita,Mauve,2079
Nightshade Family,Turquoise,2080
Agapanthus,Olive,2081
Lucky Bamboo,Peach,2082
Cabbage,Rosegold,2083
Birch,Olive,2084
Bearberry,Azure,2085
Japanese Iris,coral,2086
Collard,Olive,2087
Huckleberry,coral,2088
Apple,Barbie Pink,2089
Aspen,Carmine,2090
Bilberry,Rust,2091
Goldenglow,Silver,2092
Fig,Azure,2093
Snowdrop,Turquoise,2094
Kentia Palm Plant,Salmon,2095
Snowdrop,Blue,2096
Bleeding Heart,Cadet blue,2097
Ironwood,Maroon,2098
California sycamore,Azure,2099
Agapanthus,Lime,2100
Silene,Peach,2101
African Violet,Rosewood,2102
Candytuft,Lavender,2103
Cornflower,Salmon,2104
Fellenwort,Auburn,2105
Dumb Cane,Purple,2106
Aspen,Camel,2107
Mesquite,Azure,2108
Catmint,Beige,2109
Kauila,Sepia,2110
Chestnut,Sky blue,2111
African Violet,Red,2112
California sycamore,Gray,2113
Ironwood,Red,2114
Daisy,Olive,2115
Bindweed,Peach,2116
Columbine,Mauve,2117
Lily,Salmon,2118
Banyan,Carmine,2119
Goldenglow,Aqua,2120
Veronica,Purple,2121
Symphytum,Auburn,2122
Goldenrod,Salmon,2123
Bleeding Heart,Brown,2124
Columbine,Green,2125
Chinese Evergreen,Purple,2126
Mistletoe,Black,2127
Calla Lily,Sky blue,2128
Columbine,Cyan,2129
Periwinkle,Sepia,2130
Dogwood,Beige,2131
Water Lily,Dark red,2132
Nightshade Family,Camel,2133
Huckleberry,Lime,2134
Clarkia,Black,2135
Butterfly weed,Carmine,2136
Cup Flower,White,2137
Dogwood,Apricot,2138
Primrose,Apricot,2139
Mangrove tree,Aquamarine,2140
Nemesia,Apricot,2141
Alstroemeria,Dark red,2142
Bee Balm Flower,Sepia,2143
Millet,Cadet blue,2144
Fellenwort,Green,2145
Symphytum,Amethyst,2146
Gillyflower,Champagne,2147
Buttercup,Beige,2148
Mesquite,Olive,2149
Bearberry,Aquamarine,2150
Chamomile,Blue,2151
Poppy,Cadet blue,2152
California sycamore,Auburn,2153
Chamomile,Beige,2154
Bramble,Champagne,2155
Banyan,Black,2156
Shasta Daisy,Gray,2157
Birch,Red,2158
Guaco,Salmon,2159
Nemesia,Salmon,2160
Catmint,Amethyst,2161
Agapanthus,coral,2162
Mesquite,Beige,2163
Periwinkle,Gray,2164
Elephant Ear,Ruby,2165
Gillyflower,Rosewood,2166
Coneflower,Green,2167
Baobab,Gold,2168
Alstroemeria,Camel,2169
Bleeding Heart,Aqua,2170
Chestnut,Sky blue,2171
Lily,Gray,2172
Groundberry,Maroon,2173
Chestnut,Camel,2174
Bluebonnet,Cyan,2175
Fig,Maroon,2176
Dogwood,Orange,2177
Poppy,Auburn,2178
Eucalyptus,Sky blue,2179
Columbine,Purple,2180
Rose,Green,2181
Mesquite,Champagne,2182
Thistle,Salmon,2183
Rose,Auburn,2184
Grapefruit,Pink,2185
Columbine,Sky blue,2186
Fig,Purple,2187
Carrot,Olive,2188
Butterfly weed,Pink,2189
Easter orchid,Salmon,2190
Ironwood,Emerald,2191
Primrose,Rosewood,2192
Aspen,Cadet blue,2193
Chestnut,Gold,2194
Chamomile,Cerise,2195
Ginseng,Barbie Pink,2196
Baobab,Silver,2197
Mesquite,Brown,2198
Coneflower,Lavender,2199
Rosemary,Emerald,2200
Clarkia,Champagne,2201
Pansy,Olive,2202
Apple,Barbie Pink,2203
Cabbage,Gray,2204
African Violet,Blue,2205
Daisy,Carmine,2206
Clarkia,Green,2207
Ginseng,Yellow,2208
Chestnut,coral,2209
Elephant Ear,Lavender,2210
Carrot,Sepia,2211
Fig,Salmon,2212
Soapwort,Beige,2213
Cactus,Cerise,2214
Silene,Beige,2215
Cabbage,Carmine,2216
Red Hot Poker Plant,Red,2217
Bilberry,Purple,2218
Snowdrop,Orange,2219
Primrose,White,2220
Bindweed,coral,2221
Rose,Fuchsia,2222
Shasta Daisy,Azure,2223
Chinese Evergreen,Sepia,2224
Kudzu,Auburn,2225
Fellenwort,Green,2226
Poppy,Rosegold,2227
Bilberry,Carmine,2228
Vervain,Auburn,2229
Primrose,Sienna,2230
Rose,coral,2231
Manzanita,Maroon,2232
Alstroemeria,Brown,2233
Cucumber,Champagne,2234
Veronica,Aquamarine,2235
Filipendula,Carmine,2236
Bramble,Rosegold,2237
Urn Plant,Capri,2238
Tulip,Emerald,2239
Apple,Magenta,2240
Agapanthus,Auburn,2241
Cotton plant,Aquamarine,2242
Goldenrod,Capri,2243
Dogwood,Lavender,2244
Grapefruit,Black,2245
Kauila,Apricot,2246
Apple,Sepia,2247
Apricot,Pink,2248
Grapefruit,Peach,2249
Butterfly weed,Azure,2250
Lucky Bamboo,Red,2251
Soapwort,Sienna,2252
Arrowwood,Salmon,2253
Clarkia,Salmon,2254
Primrose,Brown,2255
Bee Balm Flower,Dark red,2256
Guaco,Lavender,2257
Apple,Gold,2258
Bee Balm Flower,Black,2259
Veronica,Fuchsia,2260
Bluebonnet,Olive,2261
Bluebonnet,Magenta,2262
Columbine,Pink,2263
Carrot,Olive,2264
Butterfly weed,Sky blue,2265
Mesquite,Sienna,2266
Morning Glory,Aqua,2267
Banyan,Olive,2268
Bleeding Heart,Salmon,2269
Periwinkle,Fuchsia,2270
Butterfly weed,Sepia,2271
Periwinkle,Olive,2272
Cactus,Barbie Pink,2273
Dumb Cane,Rust,2274
Bramble,Apricot,2275
Snowdrop,Capri,2276
Pansy,White,2277
Vervain,Sienna,2278
Tulip,Azure,2279
Alstroemeria,Yellow,2280
Chestnut,Azure,2281
Bee Balm Flower,Green,2282
Buttercup,Amethyst,2283
Bluebonnet,Aquamarine,2284
Collard,Capri,2285
Bearberry,Aquamarine,2286
Veronica,Camel,2287
Fig,Carmine,2288
Goldenglow,Azure,2289
Apricot,Beige,2290
Baobab,Aqua,2291
Elephant Ear,Brown,2292
Buttercup,Orange,2293
Nightshade Family,Blue,2294
Bee Balm Flower,Blue,2295
Chestnut,Mauve,2296
Bleeding Heart,Green,2297
Cup Flower,Salmon,2298
Morning Glory,Camel,2299
Cactus,Purple,2300
Chinese Evergreen,Amethyst,2301
Nightshade Family,Cyan,2302
Gillyflower,Barbie Pink,2303
Butterfly weed,Orange,2304
Cucumber,Silver,2305
California sycamore,Rosewood,2306
Snowflake,Capri,2307
Groundberry,Blue,2308
Coneflower,Dark red,2309
Nightshade Family,Peach,2310
Alstroemeria,Amethyst,2311
Banyan,Emerald,2312
Hedge plant,Gray,2313
Kentia Palm Plant,Cadet blue,2314
Tulip,Silver,2315
Buttercup,Capri,2316
Easter orchid,Sienna,2317
Lucky Bamboo,Amethyst,2318
Carrot,Orange,2319
Water Lily,Aquamarine,2320
Easter orchid,Purple,2321
Cornflower,Mauve,2322
Bilberry,Rosewood,2323
Dogwood,Capri,2324
Banyan,Red,2325
Bramble,Peach,2326
Groundberry,Salmon,2327
Indian paintbrush,Lavender,2328
Carrot,Rosegold,2329
Primrose,Camel,2330
Ginseng,Cyan,2331
Cabbage,Peach,2332
Birch,Salmon,2333
Guaco,Rosegold,2334
Fig,Red,2335
Periwinkle,Champagne,2336
Bindweed,Champagne,2337
Aspen,White,2338
Periwinkle,Dark red,2339
Bleeding Heart,Ruby,2340
Dogwood,Cyan,2341
Bluebonnet,Aqua,2342
Millet,Orange,2343
Candytuft,Black,2344
Groundberry,Dark Red,2345
Symphytum,Sienna,2346
Vervain,Sienna,2347
Dogwood,Gold,2348
Agapanthus,Azure,2349
Agapanthus,Aqua,2350
Bearberry,Aqua,2351
Agapanthus,Lavender,2352
Coneflower,Ruby,2353
Fig,Azure,2354
Snowflake,Gray,2355
Primrose,Azure,2356
Collard,Turquoise,2357
Groundberry,Maroon,2358
Nightshade Family,Olive,2359
Kentia Palm Plant,Apricot,2360
Bellflower,Orange,2361
Coneflower,Auburn,2362
Cotton plant,Aqua,2363
Dindle,Cerise,2364
Millet,Auburn,2365
Guaco,Rosewood,2366
Soapwort,Rust,2367
Madagascar Dragon Tree,Cyan,2368
Lily,White,2369
Calla Lily,Sepia,2370
Soapwort,Cadet blue,2371
Eucalyptus,Gray,2372
Easter orchid,Emerald,2373
Mistletoe,Peach,2374
Alstroemeria,Dark red,2375
Mistletoe,Red,2376
Candytuft,coral,2377
Ginseng,Aquamarine,2378
Silene,Sienna,2379
Bearberry,Dark red,2380
Goldenglow,Peach,2381
Fellenwort,Orange,2382
Goldenrod,Mauve,2383
Catmint,Purple,2384
Agapanthus,Mauve,2385
Snowdrop,Amethyst,2386
Cup Flower,Olive,2387
Collard,Orange,2388
Clarkia,Fuchsia,2389
Huckleberry,Orange,2390
Cup Flower,Lavender,2391
Veronica,Olive,2392
Apple,Sienna,2393
Ironwood,Black,2394
Guaco,Dark Red,2395
Bee Balm Flower,Auburn,2396
Mangrove tree,Salmon,2397
Cherry,Rosegold,2398
Clarkia,Peach,2399
Guaco,Purple,2400
Red Hot Poker Plant,Magenta,2401
Hedge plant,Gold,2402
Kentia Palm Plant,Yellow,2403
Easter orchid,Rust,2404
Bellflower,Ultramarine,2405
Butterfly weed,Carmine,2406
Water Lily,Capri,2407
Vervain,Silver,2408
Pansy,Ruby,2409
Dumb Cane,Ultramarine,2410
Apple,Peach,2411
Periwinkle,Lavender,2412
Carrot,White,2413
Mesquite,Turquoise,2414
Alstroemeria,Cyan,2415
Chamomile,Barbie Pink,2416
Cactus,Carmine,2417
Pansy,Camel,2418
Eucalyptus,Sienna,2419
Japanese Iris,Black,2420
Banyan,Dark Red,2421
Ironwood,Emerald,2422
Madagascar Dragon Tree,Gold,2423
Millet,Green,2424
Shasta Daisy,Black,2425
Cup Flower,Aqua,2426
Huckleberry,Emerald,2427
Cotton plant,Fuchsia,2428
Drumstick,Rosegold,2429
Easter orchid,Beige,2430
Japanese Iris,Cadet blue,2431
Dindle,Rosegold,2432
Fennel,Dark Red,2433
Kudzu,Brown,2434
Eucalyptus,Maroon,2435
Bellflower,Rust,2436
Cup Flower,Rosegold,2437
Kentia Palm Plant,White,2438
Guaco,Camel,2439
Calla Lily,Maroon,2440
Snowflake,Black,2441
Lily,Turquoise,2442
Indian paintbrush,Orange,2443
Grapefruit,Silver,2444
Guaco,Turquoise,2445
Cotton plant,Lime,2446
Symphytum,Black,2447
Lucky Bamboo,Ultramarine,2448
Japanese Iris,Ruby,2449
Kauila,Aquamarine,2450
Veronica,White,2451
Poppy,Barbie Pink,2452
Butterfly weed,Dark Red,2453
Mistletoe,Lavender,2454
Veronica,Ultramarine,2455
Bilberry,Lavender,2456
Kentia Palm Plant,Cerise,2457
Nemesia,Beige,2458
Narcissus,Sienna,2459
Elephant Ear,White,2460
Veronica,Champagne,2461
Bilberry,Azure,2462
Kauila,Pink,2463
Snowdrop,Black,2464
Bearberry,Green,2465
Buttercup,Dark Red,2466
Snowdrop,Auburn,2467
Rose,Emerald,2468
Water Lily,Turquoise,2469
Bearberry,Olive,2470
Kudzu,Green,2471
Nightshade Family,Green,2472
Bearberry,Maroon,2473
Poppy,Rosewood,2474
Eucalyptus,Peach,2475
Mugwort,Fuchsia,2476
Cup Flower,Aqua,2477
Guaco,Red,2478
Huckleberry,Yellow,2479
Daisy,Green,2480
Goldenglow,Orange,2481
Filipendula,Apricot,2482
Columbine,Mauve,2483
Rosemary,Auburn,2484
Nemesia,White,2485
Grapefruit,Maroon,2486
Kauila,coral,2487
Gillyflower,Cadet blue,2488
Ironwood,Peach,2489
Indian paintbrush,Blue,2490
Hedge plant,Peach,2491
Snowflake,Magenta,2492
Fennel,Maroon,2493
Cucumber,Carmine,2494
Apple,Azure,2495
Periwinkle,Red,2496
Columbine,Rosewood,2497
Tulip,coral,2498
Bellflower,Sky blue,2499
Banyan,Gray,2500
Japanese Iris,Blue,2501
Vervain,Auburn,2502
Buttercup,Black,2503
Tulip,Peach,2504
African Violet,Brown,2505
Bearberry,Brown,2506
Bramble,Rust,2507
Periwinkle,Lavender,2508
Vervain,Silver,2509
Bellflower,Cadet blue,2510
Filipendula,Barbie Pink,2511
Guaco,Ruby,2512
Water Lily,Apricot,2513
Catmint,Emerald,2514
Pansy,Blue,2515
Grapefruit,Yellow,2516
Indian paintbrush,White,2517
Arrowwood,Rosegold,2518
Gillyflower,Orange,2519
Chamomile,coral,2520
Carrot,Cyan,2521
Chinese Evergreen,Orange,2522
Indian paintbrush,Lavender,2523
Collard,Peach,2524
Mangrove tree,Brown,2525
Elephant Ear,Dark Red,2526
California sycamore,Aqua,2527
Vervain,Salmon,2528
Columbine,Green,2529
Millet,Olive,2530
Veronica,Gray,2531
Veronica,Yellow,2532
Vervain,Sepia,2533
Ironwood,Yellow,2534
Dogwood,Gold,2535
Mistletoe,Brown,2536
Kudzu,Red,2537
Butterfly weed,Magenta,2538
Veronica,Maroon,2539
Goldenrod,Barbie Pink,2540
Fennel,Black,2541
Millet,Azure,2542
Huckleberry,Peach,2543
Dogwood,Lavender,2544
Eucalyptus,Dark Red,2545
Bluebonnet,Emerald,2546
Cotton plant,White,2547
Ironwood,Silver,2548
Dogwood,Fuchsia,2549
Nemesia,Sepia,2550
Soapwort,Dark red,2551
Drumstick,Orange,2552
Narcissus,Orange,2553
Nemesia,Lime,2554
Millet,Sky blue,2555
Bilberry,coral,2556
Agapanthus,Rosegold,2557
Primrose,Magenta,2558
Periwinkle,Mauve,2559
Mangrove tree,Turquoise,2560
Bindweed,Carmine,2561
Bindweed,Ultramarine,2562
Manzanita,Aqua,2563
Periwinkle,Turquoise,2564
Mesquite,coral,2565
Ambrosia,Camel,2566
Cherry,Gold,2567
Red Hot Poker Plant,Beige,2568
Lily,Lavender,2569
Cotton plant,Ruby,2570
Dogwood,coral,2571
Dogwood,Rosegold,2572
Daisy,Green,2573
Aspen,Yellow,2574
Millet,Gray,2575
Bearberry,Blue,2576
Nightshade Family,Dark red,2577
Poppy,Sky blue,2578
Shasta Daisy,Turquoise,2579
Narcissus,Salmon,2580
Cabbage,Mauve,2581
Bluebonnet,Peach,2582
Red Hot Poker Plant,White,2583
Shasta Daisy,Cerise,2584
Candytuft,Brown,2585
Bearberry,Brown,2586
Nightshade Family,Cyan,2587
Huckleberry,Pink,2588
Aspen,Camel,2589
Coneflower,Blue,2590
Mesquite,Green,2591
Mugwort,Olive,2592
Dogwood,Rosewood,2593
Columbine,Apricot,2594
Millet,Capri,2595
Columbine,Barbie Pink,2596
Thistle,Sienna,2597
Columbine,Maroon,2598
Symphytum,Sepia,2599
Candytuft,Champagne,2600
Japanese Iris,Cyan,2601
Buttercup,White,2602
Snowdrop,Champagne,2603
Water Lily,Aqua,2604
Manzanita,Beige,2605
Calla Lily,Red,2606
African Violet,Turquoise,2607
Bearberry,Capri,2608
Silene,Pink,2609
Elephant Ear,Barbie Pink,2610
Manzanita,Gold,2611
Columbine,Carmine,2612
Calla Lily,Mauve,2613
Shasta Daisy,Barbie Pink,2614
Huckleberry,Olive,2615
Butterfly weed,Champagne,2616
African Violet,Orange,2617
Huckleberry,Champagne,2618
Cucumber,Peach,2619
Narcissus,Pink,2620
Lily,Rosegold,2621
Soapwort,Sky blue,2622
Elephant Ear,Amethyst,2623
Cup Flower,Dark Red,2624
Fellenwort,coral,2625
Cucumber,Capri,2626
Bilberry,Dark red,2627
Chinese Evergreen,Lime,2628
Apple,Ultramarine,2629
Ginseng,Cadet blue,2630
Mistletoe,Lavender,2631
Lily,Beige,2632
Dindle,White,2633
Nemesia,Cyan,2634
Poppy,Cyan,2635
Periwinkle,Ultramarine,2636
Kauila,Pink,2637
Gillyflower,Brown,2638
Thistle,Rosewood,2639
Veronica,Magenta,2640
Daisy,Capri,2641
African Violet,Sky blue,2642
Cotton plant,Peach,2643
Water Lily,Capri,2644
Buttercup,Capri,2645
Fig,Fuchsia,2646
Manzanita,Beige,2647
Mugwort,Champagne,2648
Mesquite,Ruby,2649
Apricot,Rosegold,2650
Symphytum,Apricot,2651
Symphytum,White,2652
Baobab,Fuchsia,2653
Groundberry,Blue,2654
Nemesia,Camel,2655
Collard,Brown,2656
Silene,Rosegold,2657
Snowdrop,Cyan,2658
Huckleberry,Emerald,2659
Eucalyptus,Lavender,2660
Tulip,Cadet blue,2661
Bellflower,Magenta,2662
Fellenwort,Lavender,2663
Rose,Champagne,2664
Guaco,Azure,2665
Eucalyptus,Cyan,2666
Lucky Bamboo,Rosewood,2667
Hedge plant,Dark Red,2668
Morning Glory,Rosegold,2669
Indian paintbrush,Gold,2670
Elephant Ear,Barbie Pink,2671
Narcissus,Cerise,2672
Kudzu,Emerald,2673
Groundberry,Cyan,2674
Easter orchid,Amethyst,2675
Banyan,Sienna,2676
Guaco,Ruby,2677
Catmint,Peach,2678
Dogwood,Beige,2679
Nemesia,Olive,2680
Mugwort,Azure,2681
Columbine,Ruby,2682
Mugwort,Sepia,2683
Snowflake,Beige,2684
Cotton plant,Lime,2685
Pansy,Lavender,2686
Nemesia,Gold,2687
Arrowwood,coral,2688
Lucky Bamboo,Lavender,2689
Bluebonnet,Turquoise,2690
Butterfly weed,Lavender,2691
Snowflake,Yellow,2692
Butterfly weed,Cyan,2693
Kentia Palm Plant,Carmine,2694
Bee Balm Flower,Beige,2695
Morning Glory,Camel,2696
Bellflower,Champagne,2697
Hedge plant,Ultramarine,2698
Hedge plant,Champagne,2699
Grapefruit,Fuchsia,2700
Fig,Barbie Pink,2701
Catmint,Peach,2702
Chestnut,Red,2703
Buttercup,Rust,2704
Collard,Rust,2705
Hedge plant,Aquamarine,2706
Red Hot Poker Plant,Dark red,2707
Apple,Sienna,2708
Apricot,Barbie Pink,2709
Drumstick,Amethyst,2710
Apple,Mauve,2711
Baobab,Dark Red,2712
Manzanita,Orange,2713
Mugwort,Maroon,2714
Banyan,Beige,2715
Indian paintbrush,Cerise,2716
Symphytum,Gray,2717
Manzanita,Rosegold,2718
Snowflake,Gray,2719
Ambrosia,Black,2720
Manzanita,Magenta,2721
Indian paintbrush,Beige,2722
Clarkia,Aquamarine,2723
Mangrove tree,Camel,2724
Alstroemeria,Olive,2725
Chinese Evergreen,Carmine,2726
Rose,Carmine,2727
Grapefruit,Gold,2728
Urn Plant,Champagne,2729
Tulip,Carmine,2730
Kauila,Fuchsia,2731
African Violet,Olive,2732
Chestnut,Champagne,2733
Thistle,Azure,2734
Huckleberry,Apricot,2735
African Violet,Sienna,2736
Chamomile,Fuchsia,2737
Thistle,Lime,2738
Ginseng,Azure,2739
Soapwort,Black,2740
Periwinkle,Champagne,2741
California sycamore,Ruby,2742
Hedge plant,Sienna,2743
Snowflake,Green,2744
Madagascar Dragon Tree,Aqua,2745
Primrose,Blue,2746
Millet,Blue,2747
Candytuft,Sepia,2748
Tulip,Dark Red,2749
Millet,Orange,2750
Symphytum,Rosegold,2751
California sycamore,Gray,2752
Kentia Palm Plant,Champagne,2753
Cabbage,Green,2754
Ginseng,Turquoise,2755
Eucalyptus,White,2756
Cabbage,Silver,2757
Bee Balm Flower,Beige,2758
Baobab,Aquamarine,2759
Manzanita,Azure,2760
Bearberry,Aquamarine,2761
Dumb Cane,Fuchsia,2762
Ambrosia,Yellow,2763
Mesquite,Beige,2764
Cherry,Ultramarine,2765
Japanese Iris,Gold,2766
Symphytum,White,2767
Bearberry,Gold,2768
Columbine,Yellow,2769
Chamomile,Cerise,2770
Rose,Sky blue,2771
Red Hot Poker Plant,Fuchsia,2772
Fennel,Aquamarine,2773
Fig,Cadet blue,2774
Kentia Palm Plant,Dark Red,2775
Banyan,Gray,2776
Columbine,Green,2777
Butterfly weed,Azure,2778
Urn Plant,Rust,2779
Catmint,White,2780
Nemesia,Purple,2781
Huckleberry,Orange,2782
Bluebonnet,Gold,2783
Columbine,Blue,2784
Catmint,Carmine,2785
Shasta Daisy,Carmine,2786
Nightshade Family,Cerise,2787
Grapefruit,Ultramarine,2788
Rose,Brown,2789
Daisy,Aqua,2790
Mistletoe,Carmine,2791
Bilberry,Gold,2792
Kentia Palm Plant,Lavender,2793
Mesquite,Carmine,2794
Dumb Cane,White,2795
Veronica,Yellow,2796
Fellenwort,Olive,2797
Rose,coral,2798
Kentia Palm Plant,Ruby,2799
Huckleberry,Pink,2800
Bramble,Ultramarine,2801
Madagascar Dragon Tree,Maroon,2802
Guaco,Emerald,2803
Fennel,Sky blue,2804
Kauila,Emerald,2805
Birch,Dark Red,2806
Cotton plant,Sienna,2807
Hedge plant,Mauve,2808
Chestnut,Emerald,2809
Manzanita,White,2810
Bleeding Heart,Olive,2811
Cherry,Dark red,2812
Elephant Ear,Rosewood,2813
Banyan,Lavender,2814
Nemesia,Sienna,2815
Mugwort,White,2816
Bleeding Heart,Aqua,2817
Banyan,Green,2818
Rosemary,Azure,2819
Nightshade Family,Peach,2820
Cup Flower,Ultramarine,2821
Ambrosia,Sky blue,2822
Soapwort,Orange,2823
Snowdrop,Maroon,2824
Manzanita,Lime,2825
Huckleberry,Peach,2826
Poppy,Cadet blue,2827
Silene,Sepia,2828
Fennel,Blue,2829
Rosemary,Maroon,2830
Groundberry,Green,2831
Banyan,Cerise,2832
Groundberry,Rosewood,2833
Birch,Amethyst,2834
Easter orchid,Magenta,2835
Manzanita,Sienna,2836
Eucalyptus,Gold,2837
Snowflake,Ruby,2838
Apple,Auburn,2839
Agapanthus,Cyan,2840
Veronica,Maroon,2841
Bindweed,Cerise,2842
Calla Lily,Apricot,2843
Cactus,Emerald,2844
Bluebonnet,Rust,2845
Bearberry,Sepia,2846
Dogwood,Dark red,2847
Elephant Ear,Turquoise,2848
Kentia Palm Plant,Turquoise,2849
Birch,Sky blue,2850
Bilberry,Rosegold,2851
Bearberry,Aqua,2852
Cabbage,Dark red,2853
Birch,Emerald,2854
Ambrosia,Lavender,2855
Bramble,Silver,2856
Buttercup,Cyan,2857
Rose,Cadet blue,2858
Fennel,Orange,2859
Apricot,Black,2860
Manzanita,Blue,2861
Filipendula,Mauve,2862
Lily,Brown,2863
Shasta Daisy,Cadet blue,2864
Aspen,Dark red,2865
Cherry,Peach,2866
Snowflake,Emerald,2867
Ironwood,Rosewood,2868
Easter orchid,White,2869
Bramble,Salmon,2870
Fennel,Cyan,2871
Morning Glory,Amethyst,2872
Rose,Amethyst,2873
Chestnut,Peach,2874
Chestnut,Auburn,2875
Goldenrod,Sienna,2876
Primrose,Capri,2877
California sycamore,Azure,2878
Hedge plant,Ruby,2879
Huckleberry,Rust,2880
Candytuft,Red,2881
Lucky Bamboo,Rosegold,2882
Lily,Emerald,2883
Rosemary,Rust,2884
Narcissus,Turquoise,2885
Bee Balm Flower,Orange,2886
Manzanita,Mauve,2887
Kentia Palm Plant,Dark Red,2888
Alstroemeria,Ultramarine,2889
Goldenglow,Emerald,2890
Fellenwort,Aqua,2891
Arrowwood,Gold,2892
Fig,Silver,2893
Huckleberry,Cadet blue,2894
Fellenwort,Green,2895
Apricot,Barbie Pink,2896
Cactus,Magenta,2897
Bellflower,Apricot,2898
Dumb Cane,Turquoise,2899
Butterfly weed,Beige,2900
Guaco,White,2901
Fellenwort,Red,2902
Bluebonnet,Azure,2903
Butterfly weed,Rosewood,2904
Carrot,Azure,2905
Bearberry,Camel,2906
Chestnut,Magenta,2907
Snowdrop,Amethyst,2908
Apricot,Cerise,2909
Drumstick,Beige,2910
Periwinkle,White,2911
Drumstick,Peach,2912
Dumb Cane,Fuchsia,2913
Grapefruit,Ultramarine,2914
Rosemary,Fuchsia,2915
Mesquite,Sienna,2916
Millet,Aquamarine,2917
Clarkia,Cyan,2918
Kentia Palm Plant,Barbie Pink,2919
Birch,Black,2920
Kentia Palm Plant,Rust,2921
Ambrosia,Emerald,2922
Urn Plant,Orange,2923
Alstroemeria,Ruby,2924
Ginseng,Turquoise,2925
Periwinkle,Magenta,2926
Morning Glory,Amethyst,2927
Mugwort,Beige,2928
African Violet,Cadet blue,2929
Apple,Camel,2930
Catmint,Aquamarine,2931
Shasta Daisy,Fuchsia,2932
Indian paintbrush,Green,2933
Catmint,Beige,2934
Kudzu,Red,2935
Red Hot Poker Plant,Blue,2936
Bearberry,Fuchsia,2937
Indian paintbrush,coral,2938
Lily,Barbie Pink,2939
Periwinkle,Olive,2940
Butterfly weed,Camel,2941
Birch,Rust,2942
Bindweed,Peach,2943
Rose,Fuchsia,2944
Bee Balm Flower,Yellow,2945
Birch,Fuchsia,2946
Mugwort,Ruby,2947
Veronica,Peach,2948
Urn Plant,White,2949
Nemesia,Black,2950
Mangrove tree,Capri,2951
Dogwood,Aqua,2952
Cucumber,Cyan,2953
Dumb Cane,Gray,2954
Nightshade Family,Pink,2955
Bleeding Heart,Emerald,2956
Pansy,Capri,2957
Rose,Emerald,2958
Easter orchid,Black,2959
Tulip,Salmon,2960
Agapanthus,Salmon,2961
Baobab,Olive,2962
Bramble,Peach,2963
Urn Plant,Mauve,2964
Rosemary,Salmon,2965
Fennel,Capri,2966
Cabbage,Peach,2967
Bluebonnet,Peach,2968
Gillyflower,Champagne,2969
Grapefruit,Lime,2970
Red Hot Poker Plant,coral,2971
Mangrove tree,Rosegold,2972
Primrose,Blue,2973
Gillyflower,Azure,2974
Alstroemeria,coral,2975
Rose,Emerald,2976
Daisy,Sky blue,2977
African Violet,Capri,2978
Ginseng,Blue,2979
Fellenwort,Cyan,2980
Chamomile,Rosewood,2981
California sycamore,Sepia,2982
Ginseng,coral,2983
Butterfly weed,Aqua,2984
Ironwood,Maroon,2985
Banyan,Brown,2986
Mistletoe,Auburn,2987
Chamomile,White,2988
Guaco,Green,2989
Fennel,Turquoise,2990
Vervain,Amethyst,2991
Ginseng,White,2992
Lily,Lavender,2993
Japanese Iris,Black,2994
Soapwort,Emerald,2995
Kudzu,coral,2996
Arrowwood,Sepia,2997
Snowdrop,Barbie Pink,2998
Bearberry,Pink,2999
Goldenrod,Cadet blue,3000
Soapwort,Sepia,3001
Symphytum,Pink,3002
Morning Glory,Cerise,3003
Clarkia,Capri,3004
Drumstick,Sepia,3005
Columbine,Camel,3006
Ironwood,Emerald,3007
Soapwort,Auburn,3008
Cabbage,Black,3009
Urn Plant,Fuchsia,3010
Apple,Sienna,3011
Eucalyptus,Pink,3012
Symphytum,Ultramarine,3013
Clarkia,Mauve,3014
Indian paintbrush,Capri,3015
Clarkia,Salmon,3016
Hedge plant,Sienna,3017
Goldenrod,Cadet blue,3018
Nemesia,Rosewood,3019
Filipendula,Magenta,3020
Alstroemeria,Mauve,3021
Dumb Cane,Peach,3022
Narcissus,Mauve,3023
Bleeding Heart,Champagne,3024
Bleeding Heart,Apricot,3025
Nemesia,Blue,3026
Dindle,Salmon,3027
Drumstick,Apricot,3028
Fig,Capri,3029
Ambrosia,Mauve,3030
Indian paintbrush,Pink,3031
Lily,Dark red,3032
Columbine,Amethyst,3033
Morning Glory,Sienna,3034
Hedge plant,Black,3035
Fennel,Champagne,3036
Bindweed,Peach,3037
Butterfly weed,Aquamarine,3038
Elephant Ear,Red,3039
Kauila,Mauve,3040
Pansy,Red,3041
Bee Balm Flower,Camel,3042
Narcissus,Sky blue,3043
Carrot,Gold,3044
Primrose,Barbie Pink,3045
Huckleberry,Cadet blue,3046
Filipendula,Rust,3047
Silene,Maroon,3048
Fennel,Carmine,3049
Elephant Ear,Gray,3050
Bluebonnet,Champagne,3051
Bearberry,Champagne,3052
Collard,Maroon,3053
Mesquite,Lavender,3054
Thistle,Ruby,3055
African Violet,Carmine,3056
Gillyflower,Sepia,3057
Bindweed,Rosewood,3058
Snowdrop,Aqua,3059
Cherry,Rosewood,3060
Banyan,Orange,3061
Snowdrop,Carmine,3062
Calla Lily,Sienna,3063
Primrose,Auburn,3064
Coneflower,Orange,3065
Cotton plant,Peach,3066
Snowflake,Sepia,3067
Morning Glory,Capri,3068
Bindweed,Turquoise,3069
Apricot,Carmine,3070
Coneflower,Lime,3071
Dogwood,Azure,3072
Fellenwort,Purple,3073
Easter orchid,Camel,3074
Vervain,Beige,3075
Agapanthus,Dark Red,3076
California sycamore,Silver,3077
Chamomile,Champagne,3078
Rose,Green,3079
Indian paintbrush,Capri,3080
Eucalyptus,Yellow,3081
Alstroemeria,Magenta,3082
Apricot,Carmine,3083
Daisy,Aqua,3084
Thistle,Azure,3085
Millet,Ultramarine,3086
Bluebonnet,Azure,3087
Chamomile,Fuchsia,3088
Fig,Pink,3089
Bearberry,Blue,3090
Symphytum,Peach,3091
Kentia Palm Plant,Camel,3092
Daisy,Beige,3093
Cornflower,Yellow,3094
Chestnut,Rosewood,3095
Poppy,Rosewood,3096
Kudzu,Dark Red,3097
Cabbage,Yellow,3098
Apricot,Turquoise,3099
Primrose,Salmon,3100
Easter orchid,Sky blue,3101
Arrowwood,Aqua,3102
Goldenglow,Gray,3103
Fennel,Rosegold,3104
Kudzu,Blue,3105
Apple,Sienna,3106
Dogwood,Pink,3107
Morning Glory,Red,3108
Fig,Cadet blue,3109
Chestnut,Carmine,3110
Nemesia,Sienna,3111
Easter orchid,Magenta,3112
Red Hot Poker Plant,Lavender,3113
Rose,Rosewood,3114
Drumstick,Cerise,3115
Columbine,Sienna,3116
Baobab,Orange,3117
Kauila,Brown,3118
Snowflake,Emerald,3119
Mistletoe,Black,3120
Water Lily,Cadet blue,3121
Cornflower,Peach,3122
Nemesia,Ruby,3123
Chestnut,Sky blue,3124
Columbine,Magenta,3125
Kentia Palm Plant,Gold,3126
Birch,Mauve,3127
Goldenglow,Green,3128
Coneflower,Aquamarine,3129
Lily,Peach,3130
Mistletoe,Amethyst,3131
Fig,Lavender,3132
Guaco,Beige,3133
Nightshade Family,Amethyst,3134
Bramble,Purple,3135
Elephant Ear,Brown,3136
Dumb Cane,Ultramarine,3137
Dumb Cane,Capri,3138
Hedge plant,Lime,3139
Cotton plant,Orange,3140
Chinese Evergreen,Dark red,3141
Goldenglow,Gold,3142
Cabbage,Azure,3143
Kentia Palm Plant,Blue,3144
Gillyflower,Orange,3145
Dogwood,White,3146
Goldenglow,Aquamarine,3147
Fennel,Magenta,3148
Huckleberry,Rust,3149
Ironwood,Brown,3150
Urn Plant,Barbie Pink,3151
Poppy,Camel,3152
Catmint,coral,3153
Candytuft,Gold,3154
Dogwood,Camel,3155
Catmint,Black,3156
Fennel,Mauve,3157
Nightshade Family,Rosegold,3158
Shasta Daisy,Mauve,3159
Bilberry,Cerise,3160
Bilberry,Mauve,3161
Manzanita,Red,3162
Fennel,Rosegold,3163
Mugwort,White,3164
Ginseng,Cerise,3165
Aspen,Turquoise,3166
Hedge plant,Gold,3167
Guaco,Aqua,3168
Mesquite,Capri,3169
Drumstick,Salmon,3170
Kentia Palm Plant,Barbie Pink,3171
Butterfly weed,Gray,3172
Mangrove tree,Dark red,3173
Birch,Magenta,3174
Cherry,Peach,3175
Cactus,Black,3176
Goldenglow,Carmine,3177
Ambrosia,Camel,3178
Cucumber,Ruby,3179
Pansy,Gold,3180
Cabbage,Aqua,3181
Eucalyptus,Emerald,3182
Ambrosia,Rosewood,3183
Japanese Iris,Pink,3184
Elephant Ear,Silver,3185
Lily,Dark Red,3186
Mistletoe,Aqua,3187
Mangrove tree,Lime,3188
Vervain,Ruby,3189
Aspen,Beige,3190
Bleeding Heart,Fuchsia,3191
Apple,Sienna,3192
Bluebonnet,Ultramarine,3193
Birch,Rust,3194
Nightshade Family,Lime,3195
Carrot,Rust,3196
Cherry,Lime,3197
Kentia Palm Plant,Green,3198
Butterfly weed,Pink,3199
Catmint,Champagne,3200
Ironwood,Magenta,3201
Periwinkle,Black,3202
Hedge plant,Olive,3203
Fennel,Maroon,3204
Chamomile,Gray,3205
Easter orchid,Black,3206
Alstroemeria,Turquoise,3207
Urn Plant,Purple,3208
Cabbage,Cyan,3209
Mistletoe,Emerald,3210
Fig,Salmon,3211
Dumb Cane,Gold,3212
Huckleberry,Azure,3213
Periwinkle,Purple,3214
Fellenwort,Capri,3215
Huckleberry,Pink,3216
Cactus,Sepia,3217
Chestnut,Maroon,3218
Bearberry,Yellow,3219
Apple,Pink,3220
Cherry,Aquamarine,3221
Butterfly weed,Rosewood,3222
Veronica,Dark Red,3223
Dindle,Azure,3224
Clarkia,Lime,3225
Ambrosia,Cadet blue,3226
Mugwort,Yellow,3227
Cornflower,Turquoise,3228
Bindweed,Rosegold,3229
Calla Lily,Purple,3230
Dindle,Purple,3231
Manzanita,Barbie Pink,3232
Thistle,White,3233
Groundberry,Rosegold,3234
Birch,Salmon,3235
African Violet,Camel,3236
Dogwood,Salmon,3237
Poppy,Brown,3238
Bee Balm Flower,Dark red,3239
Manzanita,Salmon,3240
Manzanita,Carmine,3241
Nemesia,Beige,3242
Chinese Evergreen,White,3243
Mistletoe,Apricot,3244
Mistletoe,Red,3245
Easter orchid,Gray,3246
Bellflower,Lavender,3247
Urn Plant,Aquamarine,3248
Mesquite,Dark Red,3249
Periwinkle,Cerise,3250
California sycamore,Rosegold,3251
Aspen,Cadet blue,3252
Ginseng,Lime,3253
Kudzu,Orange,3254
California sycamore,Orange,3255
Cherry,Ruby,3256
Nemesia,Dark red,3257
Shasta Daisy,Orange,3258
Bluebonnet,Auburn,3259
Clarkia,Black,3260
Hedge plant,Black,3261
Calla Lily,Cadet blue,3262
Urn Plant,Lavender,3263
Water Lily,Aquamarine,3264
Filipendula,Gold,3265
Buttercup,Azure,3266
Alstroemeria,Cerise,3267
Ambrosia,Brown,3268
Dogwood,Capri,3269
Bindweed,Blue,3270
Bee Balm Flower,Black,3271
Cotton plant,Black,3272
Clarkia,Barbie Pink,3273
Chinese Evergreen,Camel,3274
Silene,coral,3275
Butterfly weed,Yellow,3276
Grapefruit,Peach,3277
Chamomile,Amethyst,3278
Mistletoe,Purple,3279
Columbine,Fuchsia,3280
Chestnut,Sienna,3281
Ironwood,Rosewood,3282
Veronica,Carmine,3283
Rose,Lime,3284
African Violet,Azure,3285
Dindle,Aquamarine,3286
Nightshade Family,Sky blue,3287
Indian paintbrush,Auburn,3288
Bindweed,Gray,3289
Symphytum,Barbie Pink,3290
Goldenglow,Red,3291
African Violet,Carmine,3292
Dogwood,Lavender,3293
Goldenrod,Cerise,3294
Hedge plant,Beige,3295
Kentia Palm Plant,Gray,3296
Candytuft,Magenta,3297
Clarkia,Amethyst,3298
Bellflower,Aquamarine,3299
Periwinkle,Sepia,3300
Bilberry,Blue,3301
Cotton plant,Cyan,3302
Rosemary,Aqua,3303
Groundberry,Carmine,3304
Bearberry,White,3305
Veronica,Lime,3306
Buttercup,Yellow,3307
Fellenwort,Turquoise,3308
Snowflake,Lavender,3309
Cucumber,Amethyst,3310
Columbine,Brown,3311
Millet,Black,3312
Kauila,Apricot,3313
Soapwort,coral,3314
Filipendula,Rust,3315
Agapanthus,Carmine,3316
Butterfly weed,Rust,3317
Goldenrod,Aqua,3318
Symphytum,Orange,3319
Madagascar Dragon Tree,Brown,3320
Guaco,Carmine,3321
Birch,coral,3322
Hedge plant,Purple,3323
Banyan,Dark Red,3324
Rosemary,Auburn,3325
Symphytum,Salmon,3326
Ginseng,Mauve,3327
Clarkia,Capri,3328
Birch,Cerise,3329
Aspen,Apricot,3330
Eucalyptus,Blue,3331
Mistletoe,Auburn,3332
Ambrosia,Auburn,3333
