name,size,price,baking_form_id
San Bernardino,S,1111.65,1101
Portland,XXXL,1251.25,1226
Rochester,XS,1404.87,1684
Jersey City,XXL,61.65,1025
Colorado Springs,One Size,840.09,305
Omaha,One Size,896.94,955
Murfreesboro,M,25.01,306
Miami,XXS,1466.69,179
Berna,One Size,1224.90,1026
Sacramento,S,979.57,1726
Las Vegas,S,441.22,1917
Oakland,XXL,969.49,1970
Otawa,XXS,1333.77,184
Philadelphia,XS,1394.72,787
Laredo,XXL,531.57,143
Lancaster,M,995.58,992
Kansas City,XS,41.08,1016
Denver,XXS,1199.05,894
Saint Paul,S,726.70,786
Seattle,M,61.80,1289
Rochester,S,1404.18,1374
Stockton,XXS,1093.15,691
London,One Size,97.00,1561
Albuquerque,XXS,1211.27,1900
Glendale,XL,1322.27,1607
Prague,S,978.17,1409
Long Beach,M,1288.94,602
Jacksonville,XS,1277.39,783
Stockton,M,979.70,141
San Jose,S,730.92,347
Washington,XS,1161.85,1611
New Orleans,XS,999.37,1880
Moreno Valley,S,833.44,25
Toledo,S,190.70,15
Phoenix,One Size,620.88,1670
New Orleans,XXS,267.20,820
London,XXL,1098.00,770
Philadelphia,XS,7.13,1534
Albuquerque,XXL,718.45,1287
Prague,XXXL,316.69,1963
Wien,M,1185.91,989
Henderson,XXS,1348.02,538
Rome,S,700.96,1116
Philadelphia,XL,835.06,303
Worcester,M,1492.93,1566
San Antonio,XXXL,1438.23,186
Santa Ana,XXL,731.22,705
Denver,XXS,1227.50,521
Baltimore,XL,1478.86,485
San Bernardino,S,774.90,1556
Bakersfield,One Size,231.54,814
Cincinnati,M,1290.13,1378
Valetta,XXS,1001.93,954
Cincinnati,XXL,372.61,828
Jacksonville,XXL,78.80,699
Fullerton,S,198.69,1859
San Jose,One Size,94.45,1984
Columbus,XL,1422.81,1251
New York,M,1030.82,1704
Oakland,L,89.39,1030
Las Vegas,One Size,1358.48,8
Tallahassee,One Size,535.19,895
London,XXS,259.20,581
Boston,XXS,320.93,1748
Ontario,L,656.98,1025
Tulsa,One Size,354.94,1295
Lyon,M,1119.17,1920
Innsbruck,M,871.45,1430
Orlando,M,1138.36,489
Santa Ana,XXS,729.53,1288
Irving,XXXL,187.51,862
Milwaukee,XXXL,1381.97,922
Denver,L,618.54,869
Bakersfield,S,1.24,101
Berlin,XS,1146.22,815
Baltimore,One Size,111.74,1442
Chicago,XL,1066.30,1964
Tallahassee,One Size,351.74,1849
Murfreesboro,S,916.99,1148
Omaha,XXL,324.93,298
Springfield,XXS,368.47,1461
Boston,L,1358.10,1266
San Bernardino,XL,271.25,1952
Milano,One Size,168.56,311
Amarillo,One Size,389.32,1062
New Orleans,XXL,1163.65,1682
Charlotte,L,217.59,590
Springfield,S,354.57,1545
Nashville,M,194.11,132
Lakewood,One Size,543.01,167
London,XXXL,985.77,427
Garland,XXL,1394.94,380
Seattle,One Size,391.26,1418
New York,XS,884.95,1098
Toledo,L,813.79,1689
Phoenix,XXS,227.25,1315
Zurich,XS,1144.56,927
Bellevue,M,557.38,1996
Fremont,XS,438.38,816
Stockton,L,1299.40,332
Seattle,XL,612.46,1993
Springfield,One Size,1304.93,1065
Garland,XL,1019.29,1681
El Paso,S,1048.80,1093
Saint Paul,One Size,317.96,1837
Lancaster,XL,242.38,1455
Pittsburgh,One Size,1128.08,572
Prague,XXS,449.56,76
Amarillo,S,663.85,1404
Hollywood,XXL,8.54,1050
Pittsburgh,M,99.85,1138
Innsbruck,S,679.54,771
Houston,XXS,735.20,1690
Bellevue,L,893.00,189
San Antonio,One Size,201.76,1206
Bellevue,XXXL,548.25,1869
Hayward,XL,933.85,81
San Jose,XXS,1349.52,88
San Francisco,XL,1133.18,545
El Paso,L,360.00,1079
Toledo,One Size,7.45,1432
San Diego,One Size,456.25,810
San Diego,XXS,298.61,1140
Salt Lake City,S,953.16,905
Bakersfield,L,120.96,1476
Rochester,S,1432.49,1434
Albuquerque,XS,546.71,1689
Lancaster,XL,265.14,967
Salem,XXXL,974.11,979
Long Beach,S,218.61,322
Miami,M,117.55,888
Bakersfield,One Size,72.71,1057
Paris,One Size,1221.53,367
Salt Lake City,XL,728.77,1908
Orlando,M,746.68,440
Long Beach,S,1454.47,815
Houston,M,518.33,534
Berlin,S,1223.27,1496
Atlanta,XL,705.61,603
Lisbon,L,176.93,766
Irving,L,571.65,1396
Rochester,XXL,600.33,223
Moreno Valley,One Size,870.30,1526
Venice,XXL,727.27,537
Los Angeles,XXL,323.02,918
Philadelphia,XXL,1333.38,386
Madrid,M,63.08,1475
Portland,XXL,1036.63,149
Salt Lake City,L,730.16,1990
Minneapolis,XXS,255.85,697
Bellevue,XS,1278.66,1290
Portland,XXXL,545.20,1672
Valetta,L,36.14,1453
Rome,XXS,743.56,1867
Salt Lake City,One Size,1280.19,325
Jacksonville,S,85.02,228
Detroit,XL,63.03,51
Charlotte,S,575.44,1824
Salt Lake City,XS,742.80,1339
Paris,L,526.43,938
Innsbruck,XS,912.91,486
Bucharest,XL,991.50,1751
Orlando,XL,513.08,1988
Santa Ana,XXL,1493.11,1611
Richmond,XXXL,83.65,1650
Anaheim,XXXL,87.52,1952
Portland,XXS,936.55,1753
Nashville,XXS,194.79,52
Nashville,XXXL,1330.56,891
Berna,One Size,619.80,1765
St. Louis,L,359.63,634
Oklahoma City,XS,1437.09,1244
Washington,XS,209.52,102
Orlando,XXS,1184.21,1355
Colorado Springs,XXXL,315.09,988
Indianapolis,XXL,737.20,761
Chicago,M,386.64,1336
Lakewood,XXXL,1496.24,727
Detroit,XXS,62.16,1400
Houston,XL,550.51,1970
Valetta,S,310.12,212
San Diego,XXXL,232.13,1756
Phoenix,L,1130.71,287
Wien,M,751.85,349
Otawa,XXS,832.84,1659
Cincinnati,XXXL,71.38,1468
Philadelphia,XS,1468.22,1951
Henderson,XXS,201.53,216
Fort Lauderdale,XL,1298.36,1374
Lakewood,M,502.02,1271
Orlando,XXS,771.34,585
San Francisco,XXL,546.29,759
San Bernardino,XXXL,1155.40,28
Boston,L,802.73,34
Lyon,One Size,1451.74,72
Ontario,One Size,297.16,1919
Springfield,S,42.75,536
Santa Ana,L,960.93,1225
Long Beach,XXXL,1261.15,507
Berna,XXL,700.34,961
Lakewood,XXXL,905.00,1248
St. Louis,XXS,1154.30,424
Rochester,XL,313.33,1902
Chicago,XL,30.13,445
Jersey City,S,912.12,1374
Washington,M,1221.49,1175
Innsbruck,XXXL,1282.68,176
Irving,XXXL,37.13,1921
Pittsburgh,One Size,505.71,850
Los Angeles,XS,760.20,1540
Santa Ana,XXL,505.12,459
Oklahoma City,One Size,727.32,605
Hollywood,M,417.72,1946
Chicago,XXXL,800.25,572
Reno,XL,1343.17,1072
Fayetteville,XXS,1339.69,1914
Detroit,XXL,918.72,1604
Louisville,S,1101.45,1150
Oklahoma City,M,1064.82,1943
San Jose,L,933.74,1893
Hollywood,L,391.92,109
Denver,L,250.59,328
Milano,M,1186.36,921
Paris,XXXL,836.91,1113
Salt Lake City,XXS,132.67,1550
Indianapolis,L,109.20,281
Richmond,S,227.75,1942
Honolulu,XS,1044.67,1307
Milano,One Size,223.28,168
Jersey City,XS,526.36,1588
Reno,S,1063.19,1681
Norfolk,XXL,885.14,1241
Albuquerque,XXL,1452.44,11
Toledo,XXS,66.39,1130
Fremont,L,1335.26,131
New York,XXL,1210.59,1052
Amarillo,XL,1065.40,846
San Antonio,XXXL,1449.91,1991
Milwaukee,L,833.05,865
Dallas,M,1056.28,1983
Fort Lauderdale,XS,1445.80,334
Los Angeles,XS,674.12,1879
Stockton,XXS,4.62,1356
Dallas,One Size,846.02,393
Valetta,One Size,206.39,1056
Irving,S,1266.83,856
Irving,One Size,795.60,772
Milano,XL,1369.24,1374
Zurich,M,1269.97,1762
Hollywood,L,1411.37,1575
Milano,XXXL,1024.08,1178
Bucharest,M,858.27,1000
Nashville,XL,934.69,553
Fullerton,XS,611.23,366
Milwaukee,M,489.33,1692
Bellevue,M,256.51,1084
Oakland,XS,714.04,1866
Bucharest,XS,676.01,779
Paris,XXS,965.74,754
Los Angeles,XL,232.69,1848
Orlando,XS,1067.19,1510
Arlington,S,522.23,853
Otawa,One Size,92.73,1580
Portland,One Size,875.76,571
Chicago,XXS,602.84,1993
Bucharest,XL,883.96,222
Tulsa,One Size,721.59,154
Bellevue,XXXL,436.28,1335
Dallas,One Size,326.58,1379
Lincoln,L,1374.95,1103
Saint Paul,XXS,593.41,882
San Jose,One Size,1308.19,1526
Phoenix,XXXL,586.12,1761
San Diego,XL,712.65,1260
Lincoln,XXL,449.09,1282
San Francisco,XXL,1232.15,1898
Lyon,XXXL,962.41,1028
Oklahoma City,XXXL,113.15,1363
Lyon,L,154.52,1975
El Paso,XXXL,142.70,263
Madrid,XS,398.32,998
Moreno Valley,XXXL,456.76,167
Tulsa,M,1083.24,1498
Lyon,One Size,1478.61,737
San Antonio,XL,494.97,1235
Richmond,XXXL,1168.10,1509
Anaheim,XXXL,184.02,1118
Oklahoma City,S,486.91,1530
Colorado Springs,S,467.06,277
Pittsburgh,One Size,1295.77,1953
Jacksonville,XXXL,730.33,639
San Antonio,One Size,444.70,694
Quebec,L,301.01,919
Santa Ana,One Size,1055.68,478
Columbus,XXL,118.84,1178
Seattle,M,400.83,1861
Norfolk,XXL,11.13,1968
Lakewood,M,1187.70,1500
Minneapolis,XXS,936.56,1521
Portland,M,453.60,705
Chicago,XS,275.53,740
Norfolk,XXXL,964.74,1898
New Orleans,L,697.77,747
Henderson,L,111.03,1170
Murfreesboro,S,6.93,1803
Atlanta,One Size,779.08,1527
Henderson,L,995.48,895
Atlanta,XXXL,711.76,13
Kansas City,XL,75.75,421
Indianapolis,XL,1283.19,1275
Lakewood,One Size,415.02,1674
Fayetteville,XS,380.63,1739
San Antonio,One Size,840.98,1639
Worcester,M,1479.32,1749
Springfield,XS,475.02,760
Honolulu,S,381.72,943
San Bernardino,M,500.45,1771
Las Vegas,XXXL,968.64,751
Milwaukee,S,1264.89,393
Lincoln,XXS,107.93,1277
Rochester,XL,801.31,424
Valetta,XXL,387.64,1897
Reno,One Size,800.16,24
Atlanta,XXL,172.09,1713
El Paso,XL,516.95,1692
Norfolk,XL,644.82,651
Hayward,M,485.08,568
Kansas City,XXL,33.23,959
Stockton,S,11.69,1329
San Antonio,L,1025.88,1397
Innsbruck,L,1469.07,1513
Saint Paul,M,881.47,461
Colorado Springs,S,653.31,255
Springfield,L,678.88,1618
Reno,XXL,1322.61,1487
Miami,XL,977.28,68
Fayetteville,L,831.12,176
Lakewood,M,374.32,1387
Honolulu,One Size,835.00,1405
Otawa,L,1042.57,486
Charlotte,XS,1211.07,1959
Berna,XXS,550.33,615
Quebec,XL,459.43,320
Portland,XXL,468.23,516
Salt Lake City,XL,191.18,1834
Rome,M,1317.91,102
Miami,L,128.04,228
Lancaster,One Size,731.14,1290
Baltimore,L,1379.02,1385
Salem,XXL,188.84,1743
Portland,XXXL,704.31,262
Tallahassee,M,937.15,902
Kansas City,One Size,685.28,1708
Salt Lake City,XL,401.32,1095
Otawa,S,252.58,917
Laredo,XXXL,164.49,1370
Dallas,One Size,52.04,446
Jacksonville,S,1166.91,1674
Escondido,XS,507.69,881
Columbus,XS,960.16,1172
Sacramento,XL,1212.30,358
Miami,XS,1334.85,1923
San Diego,One Size,202.46,1613
Toledo,One Size,627.06,172
Phoenix,XXL,539.48,532
Paris,XXS,712.14,1703
Pittsburgh,XXS,1420.90,55
Lisbon,M,1109.86,1546
Memphis,XS,1391.95,566
Wien,S,1311.89,697
Miami,XXS,875.08,1809
Philadelphia,M,491.03,1997
Valetta,XXS,1126.00,558
Madison,M,347.44,1557
Santa Ana,S,838.28,1666
Denver,XXL,620.20,410
Baltimore,One Size,883.79,803
Lancaster,XS,1304.00,331
Jacksonville,L,1064.86,726
Boston,XXL,1395.67,1625
Santa Ana,One Size,656.11,1121
Milwaukee,XS,450.24,1517
Bucharest,XXL,195.82,395
Jersey City,XS,1438.60,1327
Las Vegas,S,349.27,15
San Antonio,XXXL,1046.92,1243
San Francisco,L,1119.38,837
Sacramento,XXXL,721.23,738
Salt Lake City,One Size,937.24,345
Huntsville,XXL,1327.66,237
Houston,XXL,501.00,1682
London,L,249.10,1497
Washington,XXL,569.62,796
Lincoln,XXS,1118.41,1084
Murfreesboro,L,1091.23,1115
Jacksonville,XXL,1489.10,160
Las Vegas,XXL,51.80,1724
New Orleans,XL,1114.54,74
Prague,XL,570.48,88
Garland,XXL,3.84,236
Portland,XXS,717.12,1202
Santa Ana,XXS,160.45,139
Columbus,L,101.02,1565
Atlanta,XXXL,866.76,1727
Miami,S,303.37,1600
Fullerton,XL,367.18,524
Venice,XXL,226.98,499
Philadelphia,S,1369.20,148
Indianapolis,XS,445.47,871
Hayward,XS,538.70,1082
Murfreesboro,M,362.98,1335
Madison,L,163.32,1290
Kansas City,XXL,1384.18,235
Portland,XXXL,130.77,1833
Richmond,XXL,564.69,856
Venice,XXS,1092.93,1957
Orlando,M,818.64,1486
Oakland,XS,259.31,1546
Las Vegas,M,887.56,1753
Scottsdale,XL,169.36,1224
Lincoln,S,881.78,766
Sacramento,XXL,832.55,1430
Louisville,One Size,262.34,367
Las Vegas,M,420.44,815
Escondido,XL,1161.00,1896
Charlotte,M,1229.81,1690
London,L,557.32,1852
Lincoln,XL,1142.26,176
Detroit,L,933.60,708
Baltimore,XXS,374.37,1822
Tallahassee,M,1008.95,651
Miami,XL,883.84,920
Madrid,XXS,1116.71,674
Madison,XXL,1279.42,258
Washington,XS,31.35,1127
St. Louis,L,263.64,300
Philadelphia,XXS,670.90,1142
Ontario,M,634.00,940
Springfield,XXS,1390.80,1408
Baltimore,M,1374.26,1758
Quebec,One Size,1250.24,1180
Cincinnati,M,479.39,41
Chicago,XS,1416.69,1196
San Francisco,XL,1268.13,506
Kansas City,S,1284.95,1416
Arlington,XL,331.65,1532
Fayetteville,XXS,1371.77,300
Sacramento,One Size,304.31,1685
San Antonio,L,54.98,1974
Las Vegas,XXS,361.20,684
Kansas City,S,1173.01,1352
Anaheim,S,1330.54,649
Salt Lake City,XXS,1006.62,1904
Springfield,XS,268.54,1887
Laredo,S,805.29,885
Jersey City,S,1320.96,1490
Richmond,S,29.31,1135
Phoenix,M,1360.09,1051
St. Louis,M,1000.98,1466
Houston,M,625.02,1125
Louisville,L,1057.26,338
Baltimore,XXL,735.57,850
Escondido,XS,1391.79,340
Los Angeles,XXS,547.05,552
Denver,XL,134.01,1281
Lakewood,XXXL,829.56,1367
Las Vegas,L,1285.40,652
Albuquerque,XXXL,1141.14,1530
Hayward,XXL,511.66,483
Glendale,S,1314.81,5
Cincinnati,L,547.75,826
Colorado Springs,XXL,1042.62,594
Fayetteville,M,1396.88,910
San Francisco,XL,797.46,1893
Wien,M,341.29,907
San Francisco,M,638.77,1616
Atlanta,XXL,1107.56,1915
Lincoln,XL,164.98,1086
London,L,215.84,1384
Murfreesboro,XXL,689.21,1759
Albuquerque,XXL,617.87,1888
Miami,XXXL,117.29,98
Milano,S,1389.81,1598
Albuquerque,XL,562.92,800
San Antonio,XS,822.92,1133
Ontario,One Size,580.59,1866
Oklahoma City,XXL,324.89,1178
Sacramento,S,1305.61,1005
Seattle,XS,1223.93,112
Las Vegas,XXS,501.04,943
Fullerton,XS,803.81,152
Reno,M,734.30,1727
Long Beach,M,725.36,1078
Bridgeport,One Size,56.22,287
Colorado Springs,XXXL,1143.42,68
Washington,XXXL,920.87,1206
Milwaukee,XXL,517.12,1952
Milwaukee,M,610.81,1748
San Francisco,L,852.75,351
Wien,L,681.40,808
Houston,XXS,170.90,1384
Arlington,XXXL,171.78,1502
Lisbon,XXXL,934.70,1668
New Orleans,L,541.39,1016
Zurich,XXL,336.35,1564
Portland,One Size,20.25,1937
Long Beach,M,327.46,1681
Lyon,XXXL,670.43,1425
Nashville,One Size,947.06,1695
Phoenix,M,1304.91,1283
Salt Lake City,XL,103.89,105
Las Vegas,XXL,1151.12,1729
Fort Lauderdale,XXXL,1303.81,845
Santa Ana,XS,241.86,1637
San Bernardino,XS,1394.67,387
Bellevue,One Size,244.50,203
Atlanta,M,148.60,1720
Otawa,One Size,496.41,1744
Salem,L,496.57,1147
Lancaster,M,1237.64,112
Albuquerque,One Size,17.10,1575
Columbus,XXXL,594.69,1771
San Antonio,XL,403.01,732
El Paso,XL,396.95,1457
Fremont,One Size,1126.99,1186
Amarillo,One Size,545.10,1165
Detroit,S,785.44,1765
Long Beach,M,4.82,521
Hollywood,XXXL,955.52,132
Columbus,XL,475.20,1378
Quebec,XXS,1317.91,858
Toledo,S,38.50,1691
Springfield,S,445.11,73
Madison,XXS,1240.13,70
Dallas,XL,671.69,1479
San Bernardino,XS,339.92,1987
Garland,XXL,244.41,1151
Baltimore,XS,919.01,1591
Berlin,One Size,750.97,1677
Bridgeport,XS,787.49,1195
Atlanta,XXL,278.17,96
Valetta,XL,288.17,1141
Saint Paul,One Size,158.51,1095
Omaha,One Size,1330.54,478
Lyon,XS,1219.34,243
Springfield,XXS,715.85,186
Madrid,L,1107.32,996
Chicago,XXXL,1495.36,340
Rochester,M,663.44,406
Cincinnati,One Size,1486.42,556
Madison,XL,1483.25,1176
Quebec,XXS,1274.04,1246
St. Louis,One Size,517.08,369
Anaheim,XS,1174.01,131
El Paso,One Size,786.37,92
Prague,XXS,555.13,797
Nashville,XXS,79.57,1249
Baltimore,L,734.73,985
Chicago,XXL,1429.74,1730
Wien,L,545.26,1159
Arlington,M,1470.36,785
Escondido,XXS,933.20,1690
Fullerton,XL,1074.65,620
Rochester,XXS,1163.45,765
Dallas,L,72.52,1172
Wien,M,1177.50,1961
Hayward,XXXL,166.55,255
Hollywood,One Size,1042.18,676
Prague,S,429.89,1070
Detroit,XXS,460.43,1340
Hollywood,One Size,1365.88,1874
St. Louis,M,692.77,666
Wien,M,181.22,48
Tallahassee,XS,244.52,649
Wien,S,898.12,1284
Escondido,XXXL,238.98,1481
Venice,L,532.83,1981
Phoenix,XXXL,352.62,1638
Oakland,XXXL,1383.84,559
Orlando,M,95.87,524
Washington,L,1182.11,1209
Lancaster,XS,1192.23,1306
Fremont,One Size,716.03,767
Fort Lauderdale,L,433.23,695
Atlanta,M,819.70,1237
San Jose,XS,1133.84,354
Tokyo,XL,438.72,834
Quebec,One Size,375.23,762
Henderson,L,0.96,375
Scottsdale,One Size,1336.46,285
Tulsa,L,1248.52,1526
Milwaukee,S,133.49,415
Richmond,XXL,1437.06,1213
Lisbon,XXL,1134.61,760
Quebec,XXXL,93.85,436
Murfreesboro,M,874.51,68
Boston,XL,442.69,1266
Bakersfield,XXL,1160.96,762
Columbus,XXS,1145.02,457
Minneapolis,XXS,1414.36,337
Moreno Valley,S,414.08,278
Lakewood,XXL,1472.30,486
Moreno Valley,XXL,866.45,1
Scottsdale,XS,397.42,1017
Innsbruck,XXS,1196.23,1554
Fullerton,L,64.62,1757
Atlanta,S,339.34,554
Jacksonville,M,322.56,1519
Boston,XXL,709.72,1262
Santa Ana,XS,465.02,1284
Detroit,XXXL,778.85,1860
Oakland,XL,64.30,358
Las Vegas,XXL,539.42,1486
Valetta,XL,350.18,454
Garland,M,1064.66,593
Berna,XL,122.60,1981
Milano,XL,36.98,71
Prague,XXL,565.41,1149
Fort Lauderdale,M,1367.38,1587
Seattle,S,75.97,449
Rochester,M,201.79,692
Omaha,XXS,1281.55,981
Stockton,XS,659.31,1370
Seattle,XXL,568.39,1997
Scottsdale,One Size,1230.60,179
Lincoln,S,500.87,1853
Quebec,XS,163.38,1589
Memphis,XS,348.63,944
Otawa,L,1237.92,907
Scottsdale,XXL,899.69,849
Tulsa,XXS,995.97,1284
Hollywood,S,799.70,593
Rochester,XXXL,1475.63,981
Saint Paul,XS,92.52,848
Berlin,XL,1117.91,601
Lancaster,S,1346.15,1011
Innsbruck,XXXL,962.45,752
Amarillo,XXL,201.74,1625
Detroit,L,793.34,555
Hollywood,L,298.43,1727
Fort Lauderdale,XXXL,122.27,1034
Las Vegas,M,1123.67,60
Saint Paul,XS,577.20,109
Springfield,XXS,805.25,1101
Cincinnati,M,487.71,1149
Norfolk,XXS,610.64,630
Fremont,One Size,698.28,733
Atlanta,XXXL,561.93,821
Anaheim,One Size,691.71,439
Long Beach,XS,496.28,1702
Berlin,XS,1423.88,282
Portland,S,564.69,1077
Berlin,L,166.36,806
Valetta,XXS,150.83,1117
Prague,XXXL,911.84,1852
Columbus,XXL,927.49,478
Indianapolis,XXXL,184.79,800
Paris,M,875.14,1076
Ontario,M,1020.39,1005
Reno,XXS,153.30,1630
Escondido,S,750.73,226
Albuquerque,XXL,165.96,1073
Norfolk,XXL,1335.45,209
Paris,XXL,486.96,451
Bellevue,XS,1435.29,967
Springfield,XXS,325.34,422
Saint Paul,XXXL,471.67,1904
Bucharest,M,596.67,363
Minneapolis,One Size,942.61,1119
Tallahassee,S,339.29,640
Huntsville,XXXL,214.08,1304
Hayward,XS,310.24,1372
Kansas City,XL,1159.74,1879
Salem,XS,329.50,228
Fullerton,S,976.78,1777
Milwaukee,XXL,524.73,423
Quebec,XXL,1396.02,561
Berlin,XL,354.02,260
Atlanta,XXS,234.99,1958
Reno,S,1325.67,656
Colorado Springs,One Size,1086.17,726
Tulsa,XXS,547.19,1237
Hollywood,One Size,710.03,1359
Louisville,XXXL,1134.46,53
Fremont,M,301.37,1219
Amarillo,M,995.80,351
Phoenix,L,1023.41,856
San Antonio,XXS,1137.65,1476
El Paso,M,69.40,288
Seattle,XS,188.31,1133
Lisbon,XL,629.64,1402
Rome,XXS,527.56,848
Nashville,S,850.01,1885
Milwaukee,XS,101.60,1749
Zurich,L,152.73,290
Madrid,One Size,1201.23,484
San Jose,XXS,533.23,309
Ontario,XS,62.70,1794
San Antonio,XXXL,293.23,854
Oklahoma City,XXXL,48.46,222
Berlin,XS,784.43,439
Toledo,XS,1040.50,627
Washington,One Size,184.32,60
Kansas City,XXS,501.86,1735
Atlanta,S,545.71,141
Fremont,XXXL,1307.30,1262
Reno,One Size,514.12,657
Charlotte,XL,1384.01,135
Worcester,XXL,818.39,1145
Columbus,XL,1311.20,444
Atlanta,S,258.59,1221
Atlanta,One Size,1225.36,1173
Zurich,XL,591.87,1197
Richmond,XXL,8.99,226
Anaheim,XXS,483.79,583
Sacramento,XXL,1458.13,932
Tokyo,XXL,1006.08,260
London,XXS,1129.51,1654
Baltimore,XXXL,841.43,1437
Venice,XS,1020.79,844
Moreno Valley,XL,1321.09,1200
Louisville,XXS,568.30,1901
Fremont,One Size,1025.90,1089
Chicago,L,476.74,444
Denver,XXS,747.17,619
San Bernardino,XS,1343.07,687
Boston,One Size,270.71,1436
Miami,L,875.48,1435
San Francisco,XL,681.56,387
Sacramento,XXS,996.88,469
Bucharest,One Size,1417.57,548
Dallas,XXS,1073.78,1488
El Paso,One Size,457.96,1472
Berna,L,1457.18,176
Atlanta,S,1260.02,1722
Rome,XL,1412.97,1293
Jacksonville,XXL,21.84,703
Toledo,M,914.44,148
Seattle,M,1207.73,1667
Innsbruck,M,748.82,1492
Oakland,XXS,729.79,1468
Anaheim,M,1391.71,1497
Bucharest,One Size,1114.13,1943
Lisbon,XXS,698.60,1299
Boston,S,801.10,1436
Salem,XL,161.18,1240
Boston,One Size,181.23,1890
Sacramento,S,330.11,1465
Baltimore,M,1350.69,158
Albuquerque,XS,1010.76,1627
Fort Lauderdale,XXL,1343.17,1080
Zurich,XL,572.08,1003
Lincoln,One Size,1116.09,1081
Detroit,XXS,774.19,620
Dallas,XXL,540.87,1700
Honolulu,XS,1267.03,989
Oakland,L,520.37,970
San Francisco,M,1425.69,1190
Toledo,L,217.60,1363
Anaheim,XL,1216.15,468
Kansas City,XXS,730.45,343
Jersey City,XS,37.32,1297
New York,XXXL,533.58,1587
Richmond,XXL,561.60,370
Saint Paul,XXS,1245.59,451
Bridgeport,XXXL,1133.19,461
Washington,XL,1044.79,589
Otawa,S,1344.20,471
Philadelphia,M,944.04,1392
Zurich,XL,846.81,1048
Santa Ana,One Size,310.96,1286
Henderson,One Size,1343.23,1050
Oklahoma City,XXXL,1253.09,653
Memphis,XXS,846.29,189
Moreno Valley,L,263.37,643
San Francisco,S,1189.90,1744
Quebec,One Size,1417.67,887
Henderson,S,1098.15,338
Murfreesboro,XS,1005.67,1450
Henderson,S,809.71,874
Nashville,XXS,416.72,1547
San Bernardino,XXS,1257.64,564
Phoenix,S,1499.35,1039
Long Beach,XXL,255.65,401
Portland,M,623.12,1145
Innsbruck,M,753.64,387
Las Vegas,L,122.46,1111
Huntsville,L,342.89,1184
Salt Lake City,XL,135.87,975
Fort Lauderdale,XS,475.15,783
Minneapolis,M,1338.51,1223
Lyon,XL,239.14,1069
Scottsdale,XS,292.45,630
Colorado Springs,M,811.80,1181
Indianapolis,XL,417.05,188
Salem,One Size,823.63,873
Cincinnati,L,522.25,1713
Prague,XXS,855.85,1083
Arlington,XXXL,127.36,14
Scottsdale,S,962.55,1422
Glendale,L,778.56,1911
Jacksonville,L,1256.42,762
Baltimore,One Size,794.71,1613
Dallas,One Size,1413.59,1143
Houston,XXXL,1041.26,644
Otawa,XS,1381.05,1011
Portland,XL,1496.92,1207
Houston,S,1177.30,164
Baltimore,One Size,230.47,1480
Richmond,One Size,565.55,742
Louisville,XS,74.98,1893
Bakersfield,M,393.24,518
Garland,XXS,1185.91,1101
Salem,One Size,915.10,100
Boston,S,969.51,1548
Saint Paul,XL,342.52,331
Milano,XXS,555.68,175
Seattle,XS,26.97,1007
Chicago,One Size,814.04,1570
Jacksonville,S,362.92,1021
Tokyo,XL,409.50,330
Milwaukee,XXL,809.21,715
Murfreesboro,XXS,1118.08,1541
Kansas City,XL,169.82,357
Oakland,XXS,957.60,1136
Tokyo,XXL,913.73,4
Kansas City,S,470.01,245
Honolulu,XXL,1303.51,108
Omaha,L,1218.62,1966
Indianapolis,S,700.27,1177
Stockton,M,625.74,1603
Venice,L,1008.93,254
Rochester,One Size,1221.20,305
Paris,XXXL,1109.95,1761
Seattle,XXL,901.77,1234
Cincinnati,M,34.62,269
Lancaster,S,513.14,1767
Huntsville,L,864.20,352
Huntsville,One Size,1404.39,1724
San Francisco,One Size,912.46,1602
Otawa,XXXL,769.39,439
Long Beach,XXXL,969.12,151
Sacramento,L,82.80,1022
Hayward,XXL,1016.32,437
Arlington,One Size,803.78,1902
Boston,XXL,323.91,517
San Diego,XXXL,840.82,869
Huntsville,XXL,1435.92,1102
Arlington,M,685.13,1028
Bucharest,XXS,207.87,92
Atlanta,XS,431.24,1078
Tulsa,One Size,1102.43,12
Chicago,XS,1106.86,1034
Hollywood,S,358.36,1154
Fullerton,L,1140.77,1908
Hollywood,XXXL,611.26,1916
Stockton,XXXL,512.86,1518
Fayetteville,S,473.28,1784
Santa Ana,One Size,784.91,135
San Antonio,XS,893.61,1057
Lancaster,XXL,1161.30,183
Saint Paul,XXXL,777.29,1103
Detroit,XXXL,707.48,1785
Jacksonville,One Size,1311.10,897
Saint Paul,XXS,1443.47,1579
Portland,S,1273.70,290
Miami,XXS,1193.74,685
Jersey City,L,66.77,326
Minneapolis,XXL,37.73,101
Lincoln,XL,70.02,588
Otawa,XL,740.16,1862
San Diego,L,453.51,527
Albuquerque,XXL,1224.15,202
Los Angeles,L,1104.13,1281
Glendale,XXS,154.94,220
Cincinnati,XXS,355.42,1481
Laredo,M,1245.41,896
Santa Ana,XL,949.80,1575
Zurich,XL,804.51,1892
Miami,XXS,1319.62,627
Salt Lake City,L,1369.38,913
Fremont,XL,831.05,408
Murfreesboro,XL,1321.77,181
El Paso,XXS,612.70,624
Henderson,M,1397.35,577
Kansas City,XS,891.99,1304
Phoenix,One Size,918.11,1270
Memphis,S,678.95,1639
Salem,XXS,869.60,539
Pittsburgh,XXXL,1153.42,126
Valetta,XL,272.31,376
Baltimore,L,851.09,507
Bakersfield,L,842.40,1059
San Francisco,XXS,1159.13,1672
Orlando,XL,685.88,165
Fayetteville,XXXL,497.08,1196
Miami,XXXL,263.93,489
Milwaukee,L,449.92,1679
Arlington,XXL,544.70,1449
Arlington,XS,267.07,1815
Dallas,L,955.58,1198
San Antonio,One Size,455.23,239
Wien,XL,736.49,1607
Long Beach,XXL,946.16,1001
Madrid,XXXL,1279.29,1137
Lancaster,M,1138.15,1635
Worcester,XS,390.17,1917
Madison,One Size,889.33,869
Detroit,XXXL,103.80,1550
Lancaster,S,1307.89,786
Madison,XXL,32.57,1043
Honolulu,One Size,517.01,1977
Worcester,S,225.41,1092
Oklahoma City,S,484.53,669
Kansas City,One Size,449.72,1318
Reno,XXXL,77.52,1913
Jersey City,S,1297.76,686
Oakland,XS,1035.65,140
Minneapolis,XXL,869.34,1718
Louisville,XS,983.25,525
Albuquerque,XXS,508.56,376
Tallahassee,XL,449.91,1612
Boston,XXS,1241.06,1478
Boston,XL,584.07,1674
Hollywood,XXXL,1013.46,1985
Springfield,XL,1435.86,494
Rochester,XXS,1195.26,1479
Boston,XXS,457.57,128
Denver,M,1168.84,1726
Arlington,L,783.60,1293
Detroit,One Size,878.42,559
Oklahoma City,S,1315.57,1530
Sacramento,XL,654.66,1225
Paris,M,858.32,1058
Rochester,M,1226.01,1387
Moreno Valley,L,1252.60,1455
Madison,XXS,529.22,798
Wien,S,569.98,455
Detroit,One Size,1107.81,804
New Orleans,XXL,171.23,1366
Hollywood,S,308.07,915
Scottsdale,M,869.72,1055
Scottsdale,XS,416.84,594
Omaha,M,328.27,1101
Prague,L,894.09,1363
Tokyo,XS,15.60,316
Fullerton,XXL,909.92,1481
Toledo,XXL,417.76,1621
Moreno Valley,XXL,982.45,1282
Washington,XXL,1347.51,1667
Tallahassee,XL,1273.68,1885
Toledo,XXL,173.39,830
Fayetteville,M,1462.57,1139
Jacksonville,L,542.10,423
Phoenix,L,689.45,1605
El Paso,M,221.45,725
Laredo,XL,750.77,1755
London,L,1393.97,1307
St. Louis,XXXL,1327.34,1488
Berna,XXL,133.88,1733
San Jose,XS,1199.30,308
St. Louis,One Size,592.87,128
Detroit,XL,1000.03,484
Berna,XXL,305.69,375
San Antonio,L,581.45,1824
Berlin,XXS,171.71,717
Bucharest,One Size,403.58,1930
Irving,XXL,302.62,1148
Arlington,XL,81.91,1621
Sacramento,XXS,1281.10,600
Dallas,XXXL,600.69,109
Valetta,One Size,531.39,495
Boston,XXS,1027.52,142
Pittsburgh,S,126.07,1153
Anaheim,XL,880.11,1841
Jersey City,L,717.64,502
Baltimore,M,17.41,1436
Nashville,XXXL,866.53,1121
Tulsa,XS,1223.37,725
Arlington,XXL,806.84,247
Garland,XXS,1182.53,1358
Tokyo,XXS,428.77,1618
Orlando,XL,1078.14,893
Norfolk,L,411.80,1521
Huntsville,XXL,834.51,62
Richmond,XXL,325.75,1311
San Francisco,S,958.51,1917
Colorado Springs,XS,726.73,1358
Albuquerque,XS,1210.72,189
New York,XXXL,1020.92,775
Tallahassee,XL,1109.08,384
Atlanta,XS,424.50,1054
Memphis,XXL,800.11,893
Fayetteville,XXS,310.18,1335
Rome,XS,815.12,1091
Orlando,L,1256.41,254
Valetta,XXS,441.36,761
Moreno Valley,XL,841.32,915
Nashville,One Size,1482.20,852
Minneapolis,L,1038.27,57
New York,XS,755.26,1722
Jacksonville,XXS,931.53,1460
Murfreesboro,XL,1307.37,251
Denver,XL,253.73,1384
Valetta,S,1330.72,707
San Francisco,XS,509.69,417
Rome,M,847.38,451
San Bernardino,XL,58.50,1221
Pittsburgh,XXS,41.59,1879
Pittsburgh,M,928.08,557
Moreno Valley,XXXL,1436.58,1247
Orlando,XL,1176.90,1001
Memphis,XXXL,1392.32,410
Salem,XXS,733.14,532
Tulsa,XS,997.12,5
Seattle,S,445.78,1333
Fayetteville,L,391.41,911
Houston,S,1476.76,1531
Kansas City,XXL,204.00,714
Las Vegas,One Size,1054.39,1427
Anaheim,XXL,713.81,1463
Boston,XXS,1250.58,517
Tokyo,S,7.24,867
San Francisco,XS,770.87,895
Honolulu,XXS,1094.38,124
Los Angeles,S,993.77,75
Memphis,XXXL,1366.07,85
Arlington,S,671.68,496
Sacramento,XS,608.50,1439
Detroit,XXL,1351.57,3
Atlanta,XL,1251.94,1641
Tulsa,XXS,145.75,5
Baltimore,S,99.54,10
Long Beach,XS,1408.19,341
Huntsville,XXS,1246.62,1586
San Jose,XXXL,342.66,435
Charlotte,XS,139.77,1073
Sacramento,XXL,1460.25,993
Rochester,M,1045.68,897
Boston,S,1296.50,768
San Jose,XXL,1060.40,136
Chicago,XXXL,319.14,855
Lakewood,XXL,657.53,169
Garland,S,451.01,698
Orlando,XS,1039.70,1965
Lancaster,M,224.17,1156
Fullerton,XXL,1097.27,1640
Tokyo,XXL,1041.70,104
Honolulu,XL,1243.82,1248
Minneapolis,XXL,245.60,314
Philadelphia,One Size,1288.15,1850
Charlotte,One Size,15.42,919
Bellevue,XL,60.57,936
Wien,One Size,244.71,79
Milano,XL,905.95,920
Baltimore,XL,1313.07,1282
Cincinnati,One Size,829.02,1421
Portland,L,875.35,1794
Philadelphia,XXL,416.24,1773
Tallahassee,XL,393.35,1120
Salem,XXXL,675.56,1332
Boston,XS,1358.69,260
Tallahassee,M,1406.78,1477
Lyon,XXS,36.86,1280
Stockton,XS,1220.82,349
Otawa,S,548.07,378
Laredo,S,787.51,828
Bucharest,XXXL,1494.35,992
Garland,XXS,1343.22,1239
San Diego,XXL,753.50,1753
Boston,XL,609.71,892
Otawa,L,950.38,1930
Glendale,One Size,1258.50,1916
Honolulu,XXL,636.36,1482
St. Louis,XXS,1012.36,682
Fayetteville,XL,890.20,1228
Detroit,XXL,1298.19,1961
Worcester,L,1222.07,1437
Toledo,XXS,920.38,1313
Fort Lauderdale,One Size,595.26,1449
Colorado Springs,S,211.76,1145
Fort Lauderdale,L,68.37,753
Wien,M,656.77,234
Las Vegas,M,972.52,771
Charlotte,L,535.64,1308
Salem,XS,435.70,411
Philadelphia,M,497.47,1664
Louisville,XXXL,161.62,1682
Bridgeport,L,668.69,1315
Jacksonville,XL,1266.27,1380
Glendale,XL,1317.88,1614
Hayward,XXS,747.10,681
Pittsburgh,XL,513.16,1025
Hayward,L,1448.94,1394
Innsbruck,One Size,46.68,1474
Hollywood,XS,999.99,1768
Saint Paul,XL,33.01,735
St. Louis,S,683.66,30
Zurich,M,5.28,311
Lyon,XL,423.18,1670
Santa Ana,XXXL,1361.57,912
Bridgeport,XS,301.14,1640
St. Louis,S,769.22,1485
Ontario,XL,493.80,412
Orlando,XS,450.92,698
Quebec,One Size,1131.52,1447
San Jose,M,732.15,197
Huntsville,XXXL,678.56,1439
Colorado Springs,One Size,474.84,1429
Amarillo,XXXL,1175.53,160
Valetta,M,728.97,746
Memphis,S,1479.22,910
Orlando,XXXL,1019.42,844
Wien,L,544.12,1626
Seattle,One Size,1157.08,850
St. Louis,One Size,683.21,811
Escondido,S,329.44,643
Fort Lauderdale,XXXL,773.78,1684
Omaha,XXXL,346.10,516
Lyon,XS,1351.42,1301
Lisbon,S,992.72,1413
Innsbruck,XS,613.55,138
Tokyo,L,1168.82,349
Wien,XS,356.09,566
Nashville,S,878.28,505
Sacramento,L,1002.82,831
Portland,M,48.56,758
Charlotte,XXXL,748.74,159
Bridgeport,S,1452.71,1598
Bridgeport,L,622.93,400
Miami,M,1210.14,672
Anaheim,XXXL,573.47,98
Nashville,XXL,885.13,488
Los Angeles,XXL,333.44,501
Nashville,XXS,753.01,1265
Norfolk,S,1316.48,1209
Cincinnati,XS,1109.62,1914
Scottsdale,XS,1338.22,1506
Richmond,S,45.69,1531
Portland,XXXL,1253.46,135
Jacksonville,XXXL,1466.68,1764
Valetta,XXXL,1188.51,725
Rochester,L,1353.86,657
Baltimore,XXS,1457.18,1321
Salem,L,2.68,197
Fullerton,XXS,1223.25,1603
Albuquerque,XL,619.41,1672
Quebec,XS,92.74,1105
Detroit,XXXL,577.86,1120
Memphis,XS,249.36,1931
Moreno Valley,XXL,991.80,1681
Colorado Springs,XXXL,440.58,1847
London,L,813.71,277
Saint Paul,XS,733.03,646
Arlington,XXS,352.62,1632
Oklahoma City,XL,214.12,1679
Atlanta,XXL,686.28,102
Berna,L,914.57,111
Garland,M,723.81,341
Charlotte,One Size,1019.72,1928
Colorado Springs,L,206.04,1405
Los Angeles,XS,57.99,654
Paris,XL,255.74,843
Rome,XS,388.65,1387
Sacramento,XXL,1375.97,63
Lisbon,XS,632.45,1788
Minneapolis,L,634.16,124
New Orleans,XXXL,634.58,635
New York,L,932.25,1753
Cincinnati,XXS,1112.39,1289
Miami,L,36.03,609
Berlin,XXS,247.00,1363
Kansas City,One Size,878.09,1966
Memphis,One Size,15.68,1772
San Antonio,XXS,1016.34,1585
Houston,M,1007.10,621
Venice,XXL,45.81,876
Indianapolis,L,595.85,309
Chicago,XS,628.90,241
Colorado Springs,M,792.26,1241
Worcester,XXS,95.51,1675
Louisville,M,1030.23,1086
Sacramento,S,103.69,1466
Valetta,XXS,1167.66,1101
San Francisco,XXXL,233.52,803
Memphis,XL,1167.22,28
Miami,XXXL,614.48,1472
El Paso,XXXL,786.97,48
Kansas City,One Size,245.31,994
Salt Lake City,XS,1088.17,1434
Pittsburgh,XS,1308.71,525
Portland,L,809.10,1168
Santa Ana,XS,704.22,189
Amarillo,L,889.96,1692
Irving,XL,1211.63,703
Denver,XL,1265.03,591
Jacksonville,L,916.50,654
Berlin,XXL,1047.21,1825
Norfolk,One Size,630.39,467
Prague,XXXL,1415.22,1122
Fort Lauderdale,L,1152.32,89
Stockton,XXXL,361.36,230
Innsbruck,XXS,769.81,1630
Honolulu,XXL,1454.89,360
Toledo,M,569.04,1732
Chicago,One Size,632.40,1215
Valetta,XL,939.47,317
Lakewood,One Size,436.46,414
Rochester,XL,507.10,1353
Charlotte,XXXL,918.57,682
New York,XXXL,75.04,948
Philadelphia,XS,1085.45,1124
Norfolk,M,1263.75,1416
Saint Paul,S,70.65,1876
Houston,XS,771.69,1983
Chicago,L,421.37,1898
San Antonio,XS,1276.06,1415
Dallas,XL,882.99,583
Seattle,S,1255.89,468
El Paso,XXXL,879.39,167
Chicago,XL,1443.63,1157
Zurich,M,546.05,1991
Amarillo,M,534.50,1515
Indianapolis,XS,1177.04,146
Quebec,XXL,83.36,1146
San Francisco,XXXL,930.45,218
Reno,S,1336.28,937
Laredo,XL,327.48,722
London,M,814.00,713
Fort Lauderdale,XXS,498.14,1591
Springfield,L,812.32,165
Fremont,XL,905.06,444
Fremont,XL,1368.94,567
Saint Paul,S,106.04,1168
Philadelphia,M,460.68,1387
Jacksonville,M,90.00,879
St. Louis,S,726.66,1360
Los Angeles,XXL,859.20,1671
Columbus,L,237.26,1461
Prague,M,907.71,1533
Santa Ana,L,443.55,1859
Rochester,XXXL,1286.62,620
Long Beach,XS,902.62,1830
Jersey City,One Size,383.26,1103
Santa Ana,XXXL,1303.20,1969
Honolulu,XXS,75.95,1901
Miami,XXXL,521.24,1292
Long Beach,XXS,1398.73,976
Wien,L,1423.89,1017
Toledo,S,807.34,968
Saint Paul,XXS,522.16,1961
Lisbon,XXS,142.57,66
Stockton,XL,1357.67,1706
Fremont,One Size,549.97,1173
Richmond,One Size,793.77,988
Glendale,XXL,1464.69,1800
Rome,XS,1063.47,719
San Jose,S,281.25,1239
Albuquerque,L,547.69,747
Indianapolis,XXS,413.04,1763
Charlotte,XXS,846.75,652
Seattle,XS,868.67,282
Boston,One Size,604.67,1005
Worcester,L,654.31,913
Tallahassee,L,167.35,736
Bellevue,XXL,1252.40,119
Baltimore,XS,1404.81,1964
Rome,L,1432.14,1975
Philadelphia,XXXL,781.11,823
Toledo,XL,1046.19,1597
Murfreesboro,XL,1443.58,1214
Amarillo,XXL,314.39,322
Murfreesboro,XXXL,275.61,683
Irving,One Size,888.68,1946
Columbus,L,440.33,1181
Atlanta,XS,1497.94,565
Worcester,One Size,964.60,1078
Rochester,XL,529.20,88
Dallas,XXXL,852.98,940
Laredo,XL,1370.77,1491
Honolulu,L,19.22,396
Omaha,M,954.99,212
Chicago,L,399.10,1170
San Francisco,XXS,880.07,293
Toledo,XXL,584.64,665
Glendale,S,466.86,842
Berlin,XS,338.20,788
Worcester,One Size,636.40,1955
El Paso,L,540.10,1128
Moreno Valley,XS,696.40,218
Stockton,XXS,1268.63,1319
Tokyo,XL,558.89,726
Laredo,L,1170.57,389
Amarillo,XL,102.71,14
Albuquerque,XL,282.09,525
Denver,XS,438.08,1164
Long Beach,L,1371.75,608
Berlin,XXXL,899.54,699
Las Vegas,XXXL,807.04,1615
El Paso,One Size,1182.90,1256
Toledo,S,1131.39,1780
Milano,XXL,1132.36,1036
Omaha,M,442.30,54
Jersey City,XXS,49.27,570
Innsbruck,XXS,795.36,72
Berna,XXS,228.28,757
Norfolk,XXXL,583.45,993
New York,One Size,785.86,1630
Bakersfield,L,353.02,1575
Sacramento,XS,351.01,1128
Baltimore,One Size,780.62,783
Lisbon,L,589.35,887
San Jose,XL,708.98,1078
Philadelphia,L,1269.81,243
Fayetteville,XL,264.45,380
Garland,XXL,764.57,762
Las Vegas,XXL,214.72,1160
Detroit,One Size,1156.06,953
Quebec,XXL,253.41,832
Indianapolis,XS,376.48,1841
Cincinnati,XL,639.89,987
Innsbruck,L,101.43,197
Rochester,S,1229.97,945
Tulsa,XS,1130.40,1381
Otawa,One Size,1183.33,232
Garland,S,1144.04,1513
Hayward,XL,42.65,1305
Minneapolis,S,382.23,687
Honolulu,XXS,514.96,572
Lancaster,L,293.94,1744
Berlin,XXXL,1269.79,457
Worcester,XXL,143.77,405
Detroit,One Size,46.67,553
Lancaster,S,251.32,263
Stockton,M,791.06,1591
Scottsdale,XXL,1244.05,1004
Long Beach,One Size,1232.16,1684
Salt Lake City,XXXL,356.42,159
Atlanta,M,724.02,1000
Oakland,XXS,1006.68,1347
Jersey City,XXL,1311.81,1515
Bridgeport,One Size,1178.00,1284
Houston,XXS,75.27,1742
Bridgeport,S,1299.83,344
El Paso,One Size,1115.24,1263
Colorado Springs,XXL,756.56,183
Oklahoma City,One Size,220.37,502
New Orleans,M,18.41,383
Berlin,L,363.78,638
Milano,M,319.15,1707
Long Beach,One Size,1262.51,1586
Henderson,XXS,948.18,1952
Lakewood,XXXL,334.90,263
Anaheim,XXL,1017.02,664
Washington,S,689.64,514
Huntsville,XXL,1442.92,287
Atlanta,XL,528.71,1511
St. Louis,M,953.58,250
Milano,XXXL,1250.43,642
Salem,XXXL,507.65,1399
Anaheim,XL,290.82,1061
Norfolk,XXXL,306.25,1720
Jersey City,XXS,1064.03,955
St. Louis,M,772.15,1660
Washington,M,149.89,1683
Fremont,XS,43.32,54
Boston,XS,467.22,1040
Honolulu,S,797.18,1553
San Diego,XXS,571.72,1763
Valetta,L,1198.95,37
Honolulu,One Size,285.82,760
San Jose,XS,448.98,1795
Miami,XXXL,1331.23,1304
Otawa,XXXL,729.51,1168
Huntsville,XXL,506.37,557
Salem,XXL,571.01,878
Bridgeport,XXXL,113.30,260
Bucharest,S,737.84,253
Madrid,XXS,829.28,641
Portland,One Size,230.07,366
Fremont,XS,426.37,178
Bakersfield,XXL,1228.54,311
Tulsa,One Size,429.54,491
Los Angeles,XL,883.10,1305
Minneapolis,M,964.39,392
San Bernardino,M,85.05,896
Lyon,XXXL,471.83,1622
Richmond,S,1059.21,69
Henderson,XS,1425.69,1161
Arlington,XXL,20.03,1177
Paris,XL,83.41,1675
Minneapolis,XXL,1343.17,469
Detroit,XXL,1151.09,277
San Bernardino,XXL,683.73,176
Garland,L,569.06,1051
San Antonio,S,1431.81,1865
Fayetteville,M,34.46,526
San Jose,XL,1350.99,935
St. Louis,XS,800.98,375
Nashville,XXXL,1284.55,1459
Miami,M,427.95,592
Jersey City,M,1488.89,57
Lyon,L,130.24,336
Lancaster,XXL,458.83,1481
Boston,L,694.26,1562
Moreno Valley,S,606.88,426
Tokyo,XS,606.08,960
Los Angeles,L,113.17,33
Richmond,XL,17.96,917
Valetta,XS,440.81,1149
Murfreesboro,XS,38.81,1036
Tulsa,XXL,35.17,1096
Detroit,XXL,174.68,1970
Rome,XS,12.76,868
Sacramento,XXXL,208.81,1165
Omaha,L,747.80,742
Garland,One Size,895.30,1384
Scottsdale,XS,893.56,1875
Philadelphia,L,1365.62,350
Washington,XS,503.98,1852
Charlotte,XS,799.37,1824
San Antonio,M,317.23,1904
Dallas,S,331.79,515
Los Angeles,M,1222.98,809
Ontario,L,670.82,1139
Los Angeles,XXL,781.64,520
Milwaukee,XL,779.88,905
Detroit,XL,335.39,1775
Memphis,M,553.61,588
Milano,XXXL,172.36,891
Toledo,XXXL,528.57,1692
Lisbon,XXS,1065.80,352
Bucharest,XXL,858.97,1833
Ontario,XXL,517.34,831
Richmond,XXS,638.10,292
Glendale,XS,1257.53,154
Milwaukee,XXXL,239.19,352
Washington,One Size,1416.03,862
Glendale,XXL,629.21,1777
Miami,XXXL,603.69,426
Dallas,S,1159.95,589
Fayetteville,M,384.43,12
Milano,One Size,272.73,289
St. Louis,XL,567.79,1192
Lakewood,L,471.91,1152
Escondido,XL,318.21,1376
Laredo,One Size,220.32,871
Irving,L,321.90,213
Milwaukee,L,773.02,1874
Phoenix,XXXL,1038.07,1161
Hayward,M,917.10,685
Los Angeles,XXS,1292.37,24
Madison,XXS,72.74,1667
Seattle,XXS,1298.29,947
Madrid,S,718.68,1128
Berlin,S,435.97,1799
Saint Paul,L,214.63,1744
El Paso,XS,76.97,1402
Anaheim,XXS,1266.89,1265
Fullerton,L,1161.19,1137
Sacramento,XXL,600.60,380
Madrid,XXL,1390.53,853
Minneapolis,XXXL,1331.47,831
Worcester,L,632.87,1902
San Bernardino,L,1338.59,1696
Long Beach,XL,886.05,1217
Lyon,XL,149.41,480
Colorado Springs,XS,820.44,968
Fayetteville,XL,777.55,718
Lakewood,One Size,561.47,125
Lisbon,XS,1358.24,1427
Otawa,L,1214.75,1709
San Antonio,One Size,1313.92,833
Cincinnati,XL,722.23,1278
Fayetteville,S,1476.38,1759
Arlington,XS,517.23,1956
Bellevue,One Size,178.99,1175
Rome,XXXL,1289.69,1092
Detroit,XXXL,1198.58,1356
San Bernardino,XXXL,892.13,1267
Boston,XXXL,216.83,1988
Fremont,XS,781.36,890
Jersey City,XL,866.77,1375
Saint Paul,XXS,1329.34,1781
Lyon,XXL,1184.68,1583
London,XL,603.71,57
San Diego,XXL,321.60,1527
Chicago,XXS,428.99,1907
Lisbon,One Size,749.25,600
Arlington,One Size,43.90,162
Moreno Valley,XXL,388.24,1241
Louisville,L,690.04,1239
Tokyo,XXS,1222.33,1775
San Jose,S,1468.01,413
New Orleans,XXL,1336.38,1728
Portland,M,813.38,1056
Memphis,XL,760.63,557
Los Angeles,XL,1461.98,692
Scottsdale,XL,366.38,1817
Huntsville,S,251.36,1811
Honolulu,One Size,35.69,1095
Huntsville,L,1315.38,1595
Henderson,S,114.51,720
Milano,XL,284.05,311
Baltimore,S,1.66,1243
Huntsville,XL,773.47,1869
Berna,One Size,273.48,1266
Henderson,XS,1227.08,688
Baltimore,XXXL,897.18,449
Salem,XS,1096.02,844
Minneapolis,One Size,171.20,210
Atlanta,One Size,544.07,1236
San Francisco,S,605.44,702
Bucharest,One Size,896.88,475
Venice,XXXL,167.71,713
Toledo,XXL,1231.44,783
Valetta,XXL,750.05,1192
Memphis,XXS,1466.37,267
Hollywood,One Size,1126.46,1961
London,M,236.83,463
Wien,L,1275.78,943
Omaha,XXS,607.85,41
Oakland,M,1391.68,432
Murfreesboro,L,528.85,180
Norfolk,One Size,335.75,500
Colorado Springs,XXS,977.73,1950
Jacksonville,XL,1487.20,666
Madison,L,1083.58,58
Paris,XL,193.35,860
Phoenix,M,112.24,916
Orlando,L,468.74,507
Philadelphia,XXXL,155.53,1386
Tulsa,S,1014.87,497
Wien,M,1084.34,1489
New Orleans,One Size,1158.82,1806
Seattle,XXS,1304.32,1153
New Orleans,L,612.27,1022
San Antonio,M,378.95,939
Houston,XXL,291.89,966
Houston,L,383.11,732
Zurich,XS,1097.50,1850
Arlington,One Size,744.84,1769
Baltimore,XXL,1179.95,319
Columbus,XXS,608.36,875
Los Angeles,XXS,1158.87,1959
Bridgeport,XXS,1328.33,279
Indianapolis,XXL,1146.95,451
Lyon,One Size,1363.35,483
Anaheim,XXL,623.07,1343
Huntsville,XXS,363.73,1766
Moreno Valley,XS,1340.67,1256
Tallahassee,XXXL,1287.52,557
Arlington,M,244.70,900
Hollywood,XXS,1252.73,295
Madrid,XXS,90.12,1630
Berlin,XL,1058.20,104
Tulsa,XXXL,237.45,779
New York,L,144.32,1890
Arlington,S,583.07,1944
Washington,XXXL,1077.62,1365
San Bernardino,M,774.58,996
Dallas,XS,1159.85,1442
Anaheim,XXS,984.47,1463
Oklahoma City,One Size,1068.31,1087
Fayetteville,L,767.78,1770
Milwaukee,XXXL,1490.15,992
Innsbruck,L,134.52,393
Escondido,M,867.95,1489
Indianapolis,One Size,364.60,639
Albuquerque,XXXL,1381.34,922
Laredo,L,616.07,1220
El Paso,XXXL,1102.69,939
Huntsville,XS,936.36,964
Pittsburgh,L,206.27,898
Arlington,XL,1140.56,211
Huntsville,XXXL,1364.46,1332
Long Beach,XXL,987.69,644
Escondido,XS,26.91,635
Rome,XS,1325.48,1632
Las Vegas,XS,1328.12,1260
Arlington,XL,974.89,383
Columbus,One Size,1271.97,1360
Denver,XXL,410.03,281
Fort Lauderdale,XXL,1405.04,395
Bellevue,L,342.95,1839
Houston,XXXL,415.75,283
Louisville,XXL,1184.83,801
Jacksonville,One Size,1158.50,1429
Toledo,XXXL,75.23,343
Pittsburgh,M,1282.34,1365
Denver,XL,1275.92,931
Long Beach,S,1044.97,856
Charlotte,L,151.83,537
St. Louis,XXS,663.63,748
Hollywood,XXS,661.32,217
Milano,XXL,1499.78,466
Rome,XXL,1401.06,1985
Portland,L,1300.37,143
Indianapolis,XS,1208.07,1580
Laredo,XL,336.96,1743
Fremont,XXL,340.97,1389
Salt Lake City,One Size,793.81,1957
Berna,S,1370.73,1794
Bakersfield,L,54.83,876
St. Louis,One Size,113.56,1882
New Orleans,M,558.53,1873
Berlin,XL,57.91,1198
Prague,XL,1448.37,1777
Pittsburgh,XS,79.39,1257
Bakersfield,XS,108.17,1388
Rochester,XS,586.52,1138
Berna,XXXL,1005.03,310
Philadelphia,XXXL,1497.88,138
Colorado Springs,M,3.13,315
Milano,XXS,1000.94,1494
Glendale,One Size,1032.93,1687
Quebec,One Size,301.84,1497
Seattle,M,773.34,302
Lisbon,L,1406.21,45
Charlotte,XS,262.32,1695
Baltimore,XS,1406.01,398
Laredo,XXL,669.78,1467
Nashville,XXS,1113.18,303
Otawa,XL,242.13,1398
Oklahoma City,XXL,991.98,265
Omaha,XXS,678.92,1648
Seattle,L,553.08,84
Madison,M,280.64,1158
Atlanta,XXL,1109.61,1671
Bucharest,One Size,1130.06,643
San Francisco,M,69.62,675
Lisbon,XXL,1431.88,1269
Toledo,S,785.95,735
San Francisco,XL,992.14,1361
Madison,S,785.55,405
Pittsburgh,XXS,79.15,269
London,M,583.60,935
Wien,L,1123.74,41
Columbus,M,458.00,980
Ontario,M,1182.24,955
Minneapolis,XS,916.38,1698
Norfolk,XXL,744.42,1305
Norfolk,XXL,1209.75,518
Houston,XXS,1383.48,617
Berna,L,1378.12,164
Kansas City,XXS,781.06,254
Madrid,M,1219.67,1587
Detroit,XXXL,9.75,981
Tallahassee,S,497.09,78
Colorado Springs,XS,837.74,1455
Tokyo,S,456.93,62
Indianapolis,XL,733.30,1300
New York,M,654.29,538
Cincinnati,XXS,204.95,818
Tokyo,XXS,255.99,67
Milwaukee,XL,1242.08,604
Los Angeles,XS,1164.33,166
Quebec,L,1321.64,724
Innsbruck,M,1059.10,1173
Lyon,L,61.82,621
Jacksonville,M,906.34,1361
Lisbon,One Size,466.90,1998
San Bernardino,XXL,608.00,1836
Madrid,XS,155.21,528
Colorado Springs,One Size,744.59,335
Hayward,M,102.41,43
Lincoln,XS,9.77,1056
San Jose,L,661.65,128
Baltimore,XL,1473.64,1014
Orlando,XXL,1061.18,397
Rome,XXL,1249.56,1058
Bridgeport,XXL,19.17,1722
Otawa,One Size,1356.88,1893
Washington,XXXL,947.47,1034
Chicago,XXS,678.14,934
Denver,One Size,1284.08,1410
Bucharest,XL,1326.21,992
Paris,XXXL,672.24,1758
Omaha,L,409.79,727
Sacramento,XXXL,157.69,378
Pittsburgh,One Size,355.67,1442
Chicago,S,1032.09,770
Oklahoma City,L,1392.46,1726
Toledo,M,1043.38,1537
Lancaster,M,581.59,1901
Scottsdale,XXXL,992.78,1621
Valetta,XXS,244.90,32
San Antonio,S,326.49,34
Moreno Valley,XXS,535.86,747
Scottsdale,L,1215.93,549
San Jose,XXS,1085.92,1148
San Francisco,XXL,968.72,283
Oakland,XXXL,1361.28,1947
Madison,XXL,49.45,110
Reno,XXS,311.36,27
Columbus,L,793.22,725
Lancaster,L,1101.51,820
Seattle,M,357.32,1303
Quebec,XXXL,752.35,622
Bucharest,XXS,114.89,1811
Jacksonville,L,544.87,1119
San Francisco,XXL,538.91,1948
San Jose,M,641.35,1061
Prague,XXS,601.87,1200
Richmond,XL,1067.80,97
Hollywood,XS,1292.05,37
Milano,L,965.31,1177
Phoenix,XL,1292.95,95
Tulsa,L,491.35,512
Los Angeles,M,221.82,1135
Las Vegas,XXXL,308.28,1506
Kansas City,M,851.82,1147
Portland,L,458.89,963
Atlanta,XL,172.77,1712
Denver,One Size,681.82,112
Kansas City,M,546.54,630
Pittsburgh,S,68.49,99
Santa Ana,XXXL,538.56,783
Miami,XXS,56.37,442
Worcester,XL,651.87,1502
Salt Lake City,One Size,573.96,849
San Antonio,M,572.23,1112
Venice,XXL,42.51,1777
Indianapolis,L,1229.84,1390
Hayward,M,834.37,814
Salt Lake City,One Size,120.60,959
Tulsa,XXL,747.79,421
Atlanta,XXS,128.06,489
New Orleans,M,194.00,887
Scottsdale,XXS,792.48,1567
Bridgeport,XXL,886.17,1866
Glendale,XL,13.55,627
Phoenix,One Size,1168.75,17
Fort Lauderdale,S,359.30,780
Indianapolis,XXL,1136.60,320
Oklahoma City,One Size,829.93,1636
Salt Lake City,XL,893.82,1650
Reno,M,491.86,753
Philadelphia,L,799.75,1130
San Francisco,XS,570.99,619
Salem,XXXL,345.09,706
Hayward,XXS,1487.01,838
Otawa,XXS,117.73,414
Ontario,XL,1440.92,582
Berlin,XXS,576.92,1043
Indianapolis,M,14.03,1592
Hollywood,XXXL,837.62,1184
Minneapolis,S,751.47,16
Bridgeport,M,475.44,1364
Santa Ana,L,1197.54,968
Santa Ana,XL,683.70,799
Rochester,S,461.57,1839
Murfreesboro,XXS,1436.21,861
Huntsville,XS,686.14,1729
Reno,XXS,740.92,1292
Phoenix,XXXL,1421.24,1460
Murfreesboro,XS,702.55,16
Springfield,M,1281.22,803
Fullerton,XXS,1391.55,986
Scottsdale,M,153.01,1495
Tallahassee,XS,984.68,1539
Reno,XXS,807.06,1440
Madison,S,101.84,811
Lyon,XL,610.21,15
Fremont,XL,354.74,1806
Sacramento,One Size,1421.42,128
Valetta,XL,1413.49,915
Lincoln,XXL,1187.78,588
Zurich,XXXL,1194.50,1856
Rome,L,125.14,967
Hollywood,XXL,1344.00,236
Lancaster,M,1373.77,231
Omaha,One Size,172.99,631
San Bernardino,XS,861.39,706
Bellevue,XXL,939.91,1310
Philadelphia,XXL,1102.81,749
Sacramento,XXS,1210.94,152
New Orleans,XXXL,1415.38,1699
Portland,L,27.67,1454
Salem,XL,1203.19,143
Tokyo,S,1047.79,644
Paris,M,1474.34,507
Prague,XS,154.40,907
Atlanta,M,262.92,1553
Fort Lauderdale,XS,299.54,1052
Salem,XXL,1442.19,854
Boston,XXS,823.74,672
Jersey City,S,28.62,1780
Garland,XXXL,901.12,220
Long Beach,XXL,929.21,446
Berlin,XS,1326.41,1869
Milano,One Size,242.26,187
San Jose,M,1195.92,80
Phoenix,L,543.06,419
Fort Lauderdale,M,835.03,957
San Jose,L,117.43,381
San Jose,One Size,1125.96,1031
Los Angeles,One Size,209.81,1688
Lisbon,One Size,1136.52,977
Lisbon,L,1027.08,872
San Jose,XS,835.00,169
Lancaster,L,1283.93,1070
Tulsa,One Size,1102.07,1388
Innsbruck,XS,1250.40,605
Milano,XXL,833.22,368
Amarillo,XS,47.54,917
Orlando,M,1494.99,1592
Huntsville,XL,1122.88,1804
Hayward,M,313.27,596
El Paso,XS,1029.83,502
Milano,XXS,426.78,1887
Saint Paul,L,507.82,298
Fayetteville,XXL,473.47,152
Escondido,One Size,1117.28,1524
Fremont,XXL,1432.50,968
Bellevue,XL,425.92,596
Madison,XXL,301.29,1933
Zurich,L,325.05,409
Lisbon,M,1394.73,1659
Huntsville,XXS,1104.20,27
Prague,XXXL,616.07,1240
Reno,One Size,1179.29,1554
Bucharest,XL,626.52,1363
Albuquerque,XXXL,39.51,1447
St. Louis,L,1046.07,1485
San Francisco,XXL,338.67,1106
Richmond,XXL,132.91,1112
Prague,S,199.67,511
Kansas City,One Size,1383.27,412
Madrid,XXL,614.05,1222
Jersey City,L,346.47,1411
Hayward,XXS,509.33,517
Philadelphia,L,176.74,1242
Denver,XS,765.96,1875
Jacksonville,XS,536.25,1045
Stockton,XXS,642.87,703
Oklahoma City,S,266.06,617
Laredo,XL,925.20,1482
Reno,XXS,1210.41,789
Tallahassee,XXS,270.65,129
San Bernardino,S,668.11,1672
Otawa,XL,1471.95,1177
San Antonio,XL,711.97,1494
Louisville,XXXL,89.43,898
Murfreesboro,L,463.22,438
Irving,XXXL,1420.86,495
Tokyo,XXL,1168.80,999
Laredo,L,100.22,1233
Tulsa,XL,1001.61,1860
Henderson,XL,1249.66,1948
Rome,XXS,1120.20,1098
Huntsville,XXS,334.89,330
Venice,XXXL,188.70,1089
Hollywood,XXL,1010.47,1153
Springfield,XXXL,1257.82,1805
Lakewood,M,1043.29,195
Tokyo,L,425.88,1440
Milwaukee,XXS,869.25,1141
Fort Lauderdale,XXXL,262.06,1342
Philadelphia,XS,1448.07,1887
St. Louis,L,537.09,1096
Detroit,One Size,1395.30,1358
Phoenix,S,1396.79,247
Milwaukee,S,366.98,1028
Berlin,M,632.90,875
Sacramento,XS,1171.15,72
Zurich,M,940.35,1587
Toledo,XS,294.33,1748
San Bernardino,One Size,423.57,1793
Baltimore,XXL,570.93,1277
Madison,M,1476.55,69
Wien,XS,680.65,1787
Minneapolis,S,1177.26,657
Madrid,XXXL,873.00,75
Chicago,One Size,1366.11,1317
Houston,L,1273.01,1269
Hayward,One Size,1271.51,1129
Fayetteville,M,108.31,1457
San Diego,XXS,820.44,1068
Orlando,S,31.24,1026
Bakersfield,M,568.90,323
Tallahassee,S,1315.90,543
Salt Lake City,XXXL,668.02,159
Boston,XS,417.70,508
Ontario,XL,402.27,971
London,XL,706.57,394
San Jose,L,906.49,1080
San Diego,XXXL,1426.35,586
Oakland,S,264.04,1240
Philadelphia,XL,797.36,640
Berlin,XXS,486.99,870
Orlando,L,159.41,1571
Anaheim,L,455.70,1740
Laredo,XXS,1426.47,1046
Madison,XL,1399.40,1089
Bridgeport,XS,337.65,1238
Cincinnati,One Size,166.25,564
Nashville,XL,921.06,165
Omaha,XL,809.56,1346
Hayward,One Size,716.17,893
Santa Ana,XXXL,85.84,1704
Washington,One Size,1380.45,1571
Bucharest,XXXL,680.79,132
Atlanta,XXL,75.42,1105
Omaha,XS,1337.39,1913
Portland,XXS,559.73,1457
Rome,L,78.21,1665
Lyon,XXS,410.40,1923
Bellevue,XXXL,252.27,168
Baltimore,One Size,1121.49,349
Milwaukee,XXS,90.62,1768
Washington,XXL,995.88,50
Arlington,XXXL,284.72,525
Lyon,XXXL,371.96,101
Indianapolis,XS,974.46,771
Lakewood,M,926.31,310
Dallas,M,1318.56,1392
Berna,L,647.32,1026
Kansas City,S,588.38,1395
Madrid,XS,677.01,135
Toledo,L,1182.44,1479
Murfreesboro,S,906.23,25
Lisbon,One Size,532.73,768
Fullerton,L,950.02,1627
Bakersfield,M,1388.45,1695
Milwaukee,One Size,410.76,1992
Seattle,XXL,909.24,131
Oakland,XS,652.82,346
Lisbon,M,295.31,982
Quebec,XXS,999.99,1483
Milano,XXL,646.20,1944
San Antonio,XXS,512.60,1410
Valetta,One Size,1270.24,1281
Laredo,XL,169.66,1364
Indianapolis,XS,1225.85,1582
Colorado Springs,XXS,924.96,1681
Hollywood,XS,422.02,1012
Oklahoma City,S,612.27,512
Pittsburgh,One Size,1258.11,1533
Lakewood,XS,1437.67,631
Louisville,L,7.31,611
Lisbon,XXS,874.41,390
Cincinnati,S,579.76,1432
Fullerton,XXL,1246.73,271
Houston,One Size,1264.41,1985
Memphis,XL,1059.08,1840
St. Louis,One Size,1420.64,845
Wien,XS,1456.71,958
Miami,XXL,2.07,1060
Garland,XXL,125.39,1623
Quebec,XL,338.53,1110
Innsbruck,XXS,899.32,94
Valetta,S,752.49,1774
Columbus,XS,1120.33,1320
Oklahoma City,L,180.25,1360
Huntsville,One Size,1152.88,1401
Orlando,XS,467.27,1840
Irving,L,619.08,370
Las Vegas,XXL,981.66,154
Salt Lake City,M,773.19,1857
Detroit,XXS,1126.73,605
Bakersfield,XS,1458.85,1255
Wien,M,1087.62,1160
Philadelphia,XXS,347.57,439
Oakland,XXS,993.15,1386
Sacramento,M,684.18,1136
Saint Paul,XL,871.95,1714
Springfield,XXL,864.97,1639
Denver,L,838.46,251
Bridgeport,One Size,55.08,430
Ontario,XXS,1424.97,453
San Antonio,S,904.04,1278
San Bernardino,XXS,1192.29,62
San Jose,XXXL,1167.76,315
Fayetteville,XS,396.75,141
Jacksonville,XS,308.02,96
Tulsa,One Size,559.96,976
Atlanta,XXXL,918.72,102
Tokyo,One Size,802.33,1928
Toledo,One Size,410.43,1458
New York,S,416.93,286
Anaheim,XXL,304.90,902
Long Beach,One Size,870.99,195
Bridgeport,XXXL,1248.80,1067
Pittsburgh,One Size,88.71,233
El Paso,L,1404.78,1967
Dallas,One Size,1169.29,285
Kansas City,L,669.82,1726
Sacramento,XS,1072.27,1442
Philadelphia,XL,811.23,635
San Jose,M,713.89,92
Colorado Springs,M,854.81,516
Oakland,L,630.91,1615
Henderson,S,430.85,1795
Reno,M,19.93,1742
Laredo,S,1185.99,504
Tallahassee,S,1058.46,1174
Minneapolis,XXXL,1331.25,730
Berlin,S,954.56,318
Houston,XXS,1201.46,1191
